title,product_url,brand,price,rating,review_count,shipping
MSI Suprim GeForce RTX 5090 32GB GDDR7 PCI Express 5.0 Graphics Card RTX 5090 32G SUPRIM LIQUID SOC,https://www.newegg.com/msi-rtx-5090-32g-suprim-liquid-soc-geforce-rtx-5090-32gb-graphics-card-liquid-cooler/p/N82E16814137916,MSI,3229.99,4.6,17,Free Shipping
ASUS ROG Astral GeForce RTX 5090 32GB GDDR7 OC Edition ROG-ASTRAL-RTX5090-O32G-GAMING DLSS 4.0 PCI Express 5.0 Graphics Card,https://www.newegg.com/asus-rog-astral-rog-astral-rtx5090-o32g-gaming-geforce-rtx-5090-32gb-graphics-card-triple-fans/p/N82E16814126751,ASUS,3359.99,4.5,81,Free Shipping
MSI Ventus GeForce RTX 5090 32GB GDDR7 PCI Express 5.0 Graphics Card RTX 5090 32G VENTUS 3X OC,https://www.newegg.com/msi-rtx-5090-32g-ventus-3x-oc-geforce-rtx-5090-32gb-graphics-card/p/N82E16814137920,MSI,2799.0,4.7,22,Free Shipping
ASUS ROG Astral GeForce RTX 5090 32GB GDDR7 PCI Express 5.0 Graphics Card ROG-ASTRAL-RTX5090-O32G-WHITE,https://www.newegg.com/asus-rog-astral-rog-astral-rtx5090-o32g-white-geforce-rtx-5090-32gb-graphics-card-triple-fans/p/N82E16814126814,ASUS,3399.99,4.5,81,Free Shipping
ZOTAC ARCTICSTORM AIO Liquid Cooling GeForce RTX 5090 32GB GDDR7 PCI Express 5.0 x16 ATX Graphics Card RTX 5090 ARCTICSTORM AIO ZT-B50900K-30P,https://www.newegg.com/zotac-rtx-5090-arcticstorm-aio-geforce-rtx-5090-32gb-graphics-card-liquid-cooler/p/N82E16814500630,ZOTAC,2799.99,4.8,5,Free Shipping
GIGABYTE AORUS GeForce RTX 5090 32GB GDDR7 PCI Express 5.0 x16 Graphics Card AORUS RTX 5090 AI BOX GV-N5090IXEB-32GD,https://www.newegg.com/gigabyte-aorus-rtx-5090-ai-box-geforce-rtx-5090-32gb-graphics-card-liquid-cooler/p/N82E16814932821,GIGABYTE,2999.99,4.3,120,Free Shipping
ZOTAC SOLID OC GeForce RTX 5090 32GB 512-Bit GDDR7 PCI Express 5.0 x16 DLSS 4.0 Video Card ZT-B50900J-10P,https://www.newegg.com/zotac-rtx-5090-solid-oc-geforce-rtx-5090-32gb-graphics-card-triple-fans/p/N82E16814500598,ZOTAC,4097.99,4.2,25,Free Shipping
Nvidia GeForce RTX 5090 Founders Edition,https://www.newegg.com/p/1FT-0004-008V4,NVIDIA,3249.99,,,Free Shipping
ZOTAC SOLID OC White Edition GeForce RTX 5090 32GB 512-Bit GDDR7 PCI Express 5.0 x16 DLSS 4.0 Graphics Card ZT-B50900Q-10P SOLID OC White Edition,https://www.newegg.com/zotac-gaming-geforce-rtx-5090-solid-oc-white-edition-32gb-graphics-card-triple-fans/p/N82E16814500615,ZOTAC,4599.0,5.0,3,Free Shipping
ASUS ROG Astral GeForce RTX 5090 32GB GDDR7 OC DHAHAB Edition ROG-ASTRAL-RTX5090-O32G-DHAHAB-EDITION DLSS 4.0 PCI Express 5.0 Graphics Card,https://www.newegg.com/asus-rog-astral-rog-astral-rtx5090-o32g-dhahab-edition-geforce-rtx-5090-32gb-video-cards-triple-fans/p/1FT-000Y-00BZ2,ASUS,6579.0,,,Free Shipping
ASUS ROG Astral LC GeForce RTX 5090 32GB GDDR7 OC Edition ROG-ASTRAL-LC-RTX5090-O32G-GAMING DLSS 4.0 PCI Express 5.0 Graphics Card,https://www.newegg.com/asus-rog-astral-lc-rog-astral-lc-rtx5090-o32g-gaming-geforce-rtx-5090-32gb-graphics-card-liquid-cooler/p/1FT-000Y-00BS6,ASUS,4355.0,,,Free Shipping
MSI Gaming Desktop PC MEG Vision X AI 2NVZ9-045US Intel Core Ultra 9 285K 64GB DDR5 2TB NVMe SSD GeForce RTX 5090 Windows 11 Pro,https://www.newegg.com/msi-gaming-desktop-pc-geforce-rtx-5090-intel-core-ultra-9-285k-64gb-ddr5-2tb-nvme-ssd-meg-vision-x-ai-2nvz9-045us/p/N82E16883151616,MSI,7099.0,4.4,56,Free Shipping
"Skytech Gaming Legacy 4 Gaming PC, AMD Ryzen 9 9950X3D 4.3GHz, NVIDIA RTX 5090 32GB, X870 Board, 4TB Gen4 NVMe SSD, 64GB DDR5 RAM 6000, 1200W GOLD ATX 3 PSU, 360 ARGB AIO , Wi-Fi, Win 11, Desktop",https://www.newegg.com/skytech-gaming-desktop-pcs-geforce-rtx-5090-amd-ryzen-9-9950x3d-64gb-ddr5-4tb-nvme-ssd-st-legacy4-2500-b-al-black/p/3D5-000Z-003B3,Skytech,4999.99,4.4,10,
"Skytech Gaming Legacy 4 Gaming PC, AMD Ryzen 9 9950X3D 4.3GHz, NVIDIA RTX 5090 32GB, X870 Board, 4TB Gen4 NVMe SSD, 64GB DDR5 RAM 6000, 1200W GOLD ATX 3 PSU, 360 ARGB AIO , Wi-Fi, Win 11, Desktop",https://www.newegg.com/skytech-gaming-desktop-pcs-geforce-rtx-5090-amd-ryzen-9-9950x3d-64gb-ddr5-4tb-nvme-ssd-st-legacy4-2500-b-al-black/p/3D5-000Z-003B3,Skytech,4999.99,4.4,10,
ASUS ROG Astral LC GeForce RTX 5090 32GB GDDR7 OC Edition ROG-ASTRAL-LC-RTX5090-O32G-GAMING DLSS 4.0 PCI Express 5.0 Graphics Card,https://www.newegg.com/asus-rog-astral-lc-rog-astral-lc-rtx5090-o32g-gaming-geforce-rtx-5090-32gb-video-cards-liquid-cooler/p/1FT-000Y-00C93,ASUS,4268.9,,,Free Shipping
GIGABYTE AORUS GeForce RTX 5090 32GB GDDR7 PCI Express 5.0 x16 ATX Graphics Card GV-N5090AORUSST ICE-32GD,https://www.newegg.com/gigabyte-gv-n5090aorusst-ice-32gd-geforce-rtx-5090-32gb-graphics-card-triple-fans/p/N82E16814932810,GIGABYTE,4422.9,4.3,120,Free Shipping
ASUS ROG Astral LC GeForce RTX 5090 32GB GDDR7  Edition ROG-ASTRAL-LC-RTX5090-32G-GAMING DLSS 4.0 PCI Express 5.0 Graphics Card,https://www.newegg.com/asus-rog-astral-lc-rog-astral-lc-rtx5090-32g-gaming-geforce-rtx-5090-32gb-graphics-card-liquid-cooler/p/1FT-000Y-00BW7,ASUS,4699.0,,,Free Shipping
ASUS ROG Astral GeForce RTX 5090 32GB GDDR7 OC Edition ROG-ASTRAL-RTX5090-O32G-GAMING DLSS 4.0 PCI Express 5.0 Graphics Card,https://www.newegg.com/asus-rog-astral-rog-astral-rtx5090-o32g-gaming-geforce-rtx-5090-32gb-video-cards-triple-fans/p/1FT-000Y-00C95,ASUS,4599.0,,,Free Shipping
"MSI TITAN 18 HX AI Norse Myth 18"" UHD+ 120Hz Mini LED - Intel Core Ultra 9-285HX - RTX 5090 - 96GB DDR5/2TB Gen5+ 2x2TB Gen4 NVMe SSD - Wi-Fi 7 Win 11 Pro (TITAN18HXA2440)",https://www.newegg.com/msi-titan-18-18-0-geforce-rtx-5090-laptop-gpu-intel-core-ultra-9-285hx-uhd-96gb-memory-2tb-nvme-ssd-gen5x4-4tb-nvme-ssd-gen4x4-ssd/p/N82E16834156784,MSI,6299.0,,,$30.35 Shipping
Andromeda Insights Quasar Vector - RTX 5090 | Ryzen 7 9800X3D (5.2 GHz Turbo Boost) | 32GB DDR5 6000MHz | 2TB Gen4 SSD | 1200W Gold PSU | ARGB Fans | Wi-Fi + BT | Win 11 Home,https://www.newegg.com/andromeda-insights-quasar-gaming-desktop-pcs-nvidia-rtx-5090-amd-ryzen-7-9800x3d-32gb-ddr5-2tb-nvme-ssd-50-vector-black/p/3D5-006J-00063,Andromeda,4499.99,5.0,1,Free Shipping
"Hasee T8 Pro-16'' QHD+ 300Hz-GeForce RTX 5090 AI+ Gaming Laptop, Intel i9-14900HX-5.8GHz, 64G DDR5 RAM, 2TB Gen4*4 SSD, RGB KB,WiFi7, BT5.4, Win11, Mecha Grey",https://www.newegg.com/hasee-t8pro-16-0-geforce-rtx-5090-laptop-gpu-qhd-64gb-memory-2-tb-ssd/p/2WC-004U-00054,Hasee,4999.99,4.5,2,Free Shipping
GIGABYTE Gaming GeForce RTX 5090 32GB GDDR7 PCI Express 5.0 ATX Graphics Card GV-N5090GAMING OC-32GD,https://www.newegg.com/gigabyte-gv-n5090gaming-oc-32gd-geforce-rtx-5090-32gb-graphics-card-triple-fans/p/N82E16814932761,GIGABYTE,2919.99,4.3,120,Free Shipping
MSI Gaming GeForce RTX 5090 32GB GDDR7 PCI Express 5.0 Graphics Card RTX 5090 32G GAMING TRIO OC,https://www.newegg.com/msi-rtx-5090-32g-gaming-trio-oc-geforce-rtx-5090-32gb-graphics-card/p/N82E16814137919,MSI,2636.99,4.6,35,Free Shipping
ASUS TUF Gaming GeForce RTX 5090 32GB GDDR7 OC Edition TUF-RTX5090-O32G-GAMING PCI-Express 5.0 DLSS 4.0  Graphics Card,https://www.newegg.com/asus-tuf-gaming-tuf-rtx5090-o32g-gaming-geforce-rtx-5090-32gb-graphics-card-triple-fans/p/N82E16814126753,ASUS,2999.99,4.5,81,Free Shipping
ZOTAC AMP Extreme INFINITY GeForce RTX 5090 32GB GDDR7 PCI Express 5.0 x16 ATX Graphics Card ZT-B50900B-10P,https://www.newegg.com/zotac-amp-extreme-infinity-zt-b50900b-10p-geforce-rtx-5090-32gb-graphics-card-triple-fans/p/N82E16814500593,ZOTAC,2612.98,5.0,5,$12.99 Shipping
MSI Suprim GeForce RTX 5090 32GB GDDR7 PCI Express 5.0 Graphics Card RTX 5090 32G SUPRIM SOC,https://www.newegg.com/msi-rtx-5090-32g-suprim-soc-geforce-rtx-5090-32gb-graphics-card-triple-fans/p/N82E16814137915,MSI,2949.99,4.7,6,Free Shipping
ASUS TUF Gaming GeForce RTX 5090 GDDR7 PCI Express 4.0 x16 Graphics Card TUF-RTX5090-32G-GAMING,https://www.newegg.com/asus-tuf-gaming-tuf-rtx5090-32g-gaming-geforce-rtx-5090-32gb-graphics-card-triple-fans/p/N82E16814126752,ASUS,,4.5,81,
GIGABYTE AORUS GeForce RTX 5090 32GB GDDR7 PCI Express 5.0 ATX Graphics Card GV-N5090AORUS M-32GD,https://www.newegg.com/gigabyte-gv-n5090aorus-m-32gd-geforce-rtx-5090-32gb-graphics-card-triple-fans/p/N82E16814932760,GIGABYTE,2699.99,4.3,120,Free Shipping
GIGABYTE AORUS GeForce RTX 5090 32GB GDDR7 PCI Express 5.0 ATX Graphics Card GV-N5090AORUSM ICE-32GD,https://www.newegg.com/gigabyte-gv-n5090aorusm-ice-32gd-geforce-rtx-5090-32gb-graphics-card-triple-fans/p/N82E16814932765,GIGABYTE,2999.99,4.3,120,Free Shipping
GIGABYTE AORUS GeForce RTX 5090 32GB GDDR7 PCI Express 5.0 ATX Graphics Card GV-N5090AORUSX WB-32GD,https://www.newegg.com/gigabyte-gv-n5090aorusx-wb-32gd-geforce-rtx-5090-32gb-graphics-card/p/N82E16814932764,GIGABYTE,3089.99,4.3,120,$12.99 Shipping
ASUS ROG Astral GeForce RTX 5090  32GB GDDR7 ROG-ASTRAL-RTX5090-O32G-GAMING PCI-Express 5.0 DLSS 4.0 Video Card,https://www.newegg.com/asus-rog-astral-rog-astral-rtx5090-32g-gaming-geforce-rtx-5090-32gb-graphics-card-triple-fans/p/N82E16814126750,ASUS,3299.99,4.5,81,Free Shipping
GIGABYTE WINDFORCE GeForce RTX 5090 32GB GDDR7 PCI Express 5.0 x16 ATX Graphics Card GV-N5090WF3-32GD,https://www.newegg.com/gigabyte-windforce-gv-n5090wf3-32gd-geforce-rtx-5090-32gb-graphics-card-triple-fans/p/N82E16814932779,GIGABYTE,1999.99,4.3,120,$19.99 Shipping
MSI VANGUARD GeForce RTX 5090 32GB GDDR7 PCI Express 5.0 Graphics Card RTX 5090 32G VANGUARD SOC,https://www.newegg.com/msi-rtx-5090-32g-vanguard-soc-geforce-rtx-5090-32gb-graphics-card/p/N82E16814137918,MSI,2599.99,4.8,16,Free Shipping
GIGABYTE WINDFORCE GeForce RTX 5090 32GB GDDR7 PCI Express 5.0 ATX Graphics Card GV-N5090WF3OC-32GD,https://www.newegg.com/gigabyte-windforce-gv-n5090wf3oc-32gd-geforce-rtx-5090-32gb-graphics-card-triple-fans/p/N82E16814932762,GIGABYTE,2499.99,4.3,120,Free Shipping
ZOTAC Gaming SOLID GeForce RTX 5090 32GB 512-Bit GDDR7 PCI Express 5.0 x16 DLSS 4.0 Graphics Card ZT-B50900D-10P,https://www.newegg.com/zotac-solid-zt-b50900d-10p-geforce-rtx-5090-32gb-graphics-card-triple-fans/p/N82E16814500597,ZOTAC,1999.99,4.6,12,$12.99 Shipping
GIGABYTE AORUS GeForce RTX 5090 32GB GDDR7 PCI Express 5.0 ATX Graphics Card GV-N5090AORUSX W-32GD,https://www.newegg.com/gigabyte-gv-n5090aorusx-w-32gd-geforce-rtx-5090-32gb-graphics-card/p/N82E16814932763,GIGABYTE,3149.99,4.3,120,$12.99 Shipping
GIGABYTE AORUS MASTER 16 Gaming Laptop - 240Hz 2560x1600 OLED - NVIDIA GeForce RTX 5090 - Intel Core Ultra 9 275HX - 2TB SSD with 32GB DDR5 RAM - Windows 11 Home AD,https://www.newegg.com/aorus-16-geforce-rtx-5090-laptop-gpu-intel-core-ultra-9-275hx-wqxga-32gb-memory-2-tb-ssd/p/N82E16834233610,GIGABYTE,3563.99,4.0,3,Free Shipping
"ZOTAC Gaming GeForce RTX 5090 AMP Extreme Infinity DLSS 4 32GB GDDR7 512-bit 28 Gbps PCIE 5.0 Gaming Graphics Card, IceStorm 3.0 Advanced Cooling, Spectra 2.0 ARGB Lighting, ZT-B50900B-10P",https://www.newegg.com/p/1FT-000M-003Z1,ZOTAC,5416.97,5.0,1,$18.99 Shipping
"Yeyian Phoenix Iron Mesh Gaming Desktop PC Intel Core Ultra 9 285K Nvidia RTX 5090 64GB DDR5 RGB 6000MHz 2TB SSD Windows 11 Home 64-bit, YPI-PM285KD-5901N",https://www.newegg.com/yeyian-warriors-gaming-desktop-geforce-rtx-5090-intel-core-ultra-9-285k-64gb-ddr5-2tb-nvme-ssd/p/N82E16883630079,YEYIAN,4299.99,,,Free Shipping
"MSI Stealth - 18"" GeForce RTX 5090 Laptop GPU - Intel Core Ultra 9 275HX - 64GB Memory - 2 TB SSD - Wi-Fi 7 Windows 11 Pro Gaming Laptop - 120 Hz (Stealth 18 HX AI A2XWJG-035US )",https://www.newegg.com/msi-18-geforce-rtx-5090-laptop-gpu-intel-core-ultra-9-275hx-64gb-memory-2-tb-ssd/p/N82E16834156741,MSI,3999.99,,,Free Shipping
"MSI Raider - 18"" GeForce RTX 5090 Laptop GPU - AMD Ryzen 9 9955HX3D - 64GB DDR5 5600MHz Memory - 2 TB SSD - Wi-Fi 7 Windows 11 Pro Gaming Laptop - 120 Hz Mini LED (Raider A18 HX A9WJG-052US )",https://www.newegg.com/msi-18-geforce-rtx-5090-laptop-gpu-amd-ryzen-9-9955hx3d-64gb-ddr5-5600mhz-memory-2-tb-ssd/p/N82E16834156732,MSI,4499.99,,,Free Shipping
"MSI Stealth A16 AI+ 16"" QHD+ OLED 240Hz Ultra Thin and Light Gaming Laptop AMD® Ryzen™ AI 9HX 370 RTX 5090 64GBLPDDR5x 2TB NVMe SSD Wi-Fi 7 Win 11PRO",https://www.newegg.com/msi-stealth-a16-ai-16-0-geforce-rtx-5090-laptop-gpu-amd-ryzen-ai-9-hx-370-qhd-64gb-memory-2tb-nvme-ssd-gen4x4-ssd/p/N82E16834156786,MSI,4299.0,,,Free Shipping
"Thermaltake LCGS Reactor 9590S Gaming Desktop (AMD Ryzen 9 9950X3D, ToughRam 32GB DDR5 6000MT/s RGB Memory, NVIDIA GeForce RTX 5090, 2TB NVMe M.2, Wifi, Windows 11) T6WT-X87S-590-LCS",https://www.newegg.com/thermaltake-gaming-desktop-pc-geforce-rtx-5090-amd-ryzen-9-9950x3d-32gb-ddr5-2tb-ssd-lcgs-reactor-9590s-white/p/N82E16883100111,Thermaltake,5329.99,,,Free Shipping
"MSI Raider - 18"" GeForce RTX 5090 Laptop GPU - Intel Core Ultra 9 285HX - 64GB DDR5 6400MHz Memory - 2 TB SSD - Windows 11 Pro Gaming Laptop - 120 Hz Mini LED (Raider 18 HX AI A2XWJG-069US )",https://www.newegg.com/msi-18-geforce-rtx-5090-laptop-gpu-intel-core-ultra-9-285hx-64gb-ddr5-6400mhz-memory-2-tb-ssd/p/N82E16834156730,MSI,3799.0,4.5,2,Free Shipping
"ASUS ROG Strix Scar - 18"" GeForce RTX 5090 Laptop GPU - Intel Core Ultra 9 275HX - 32GB Memory - 2 TB PCIe SSD - Wi-Fi 7 Windows 11 Pro GAMING LAPTOP - 240 Hz (G835LX-XS97 )",https://www.newegg.com/asus-rog-strix-18-geforce-rtx-5090-laptop-gpu-intel-core-ultra-9-275hx-wqxga-32gb-memory-2-tb-pcie-ssd/p/N82E16834236578,ASUS,4499.99,5.0,4,Free Shipping
"ZOTAC SOLID OC GeForce RTX 5090 32GB 512-Bit GDDR7 PCI Express 5.0 x16 DLSS 4.0 Video Card
ZOTAC GEFORCE RTX 5090  32GB SOLID OC",https://www.newegg.com/zotac-rtx-5090-solid-oc-geforce-rtx-5090-32gb-graphics-card-triple-fans/p/1FT-000M-00404,ZOTAC,3607.49,,,Free Shipping
"AVGPC FrostFire Creator Gaming PC AMD Ryzen 9 9900X3D, NVIDIA GeForce RTX 5090, 2+2 TB nVME, 64GB RAM DDR5, 360mm Liquid Cooling, Win 11 Pro, White RTX 5090 4TB SSD",https://www.newegg.com/p/3D5-002N-000E0,AVGPC,5449.0,,,Free Shipping
"Hyper Cyber NOVA Gaming Desktop AMD Ryzen 7 7800X3D, NVIDIA GeForce RTX 5090, 64GB DDR5, 1TB SSD, Windows 11 Home, RGB Lighting, WiFi, Ready to Use",https://www.newegg.com/hyper-cyber-nova-gaming-desktop-pcs-nvidia-geforce-rtx-5090-32gb-gddr7-amd-ryzen-7-7800x3d-64gb-ddr5-1tb-ssd-ssd-black/p/3D5-006Z-007N1,Hyper,7039.99,,,Free Shipping
"MSI Infinite (Tower) Gaming Desktop ,Intel Ultra9 285K, GeForce RTX 5090 Liquid, DDR5 6000 64GB(32GB*2), Gen 5 2TB M.2 NVMe, 360  Liquid Cooling, 1300W, USB Type-C, VR-Ready, Windows 11 Pro High-End",https://www.newegg.com/msi-infinite-rs-gaming-desktop-geforce-rtx-5090-liquid-intel-core-ultra-9-285k-64gb-ddr5-2tb-m-2-nvme-gen5-ssd-ai-2nvz9-1291us-black/p/N82E16883151592,MSI,6163.35,,,
PNY NVIDIA GeForce RTX 5090 Graphic Card 32 GB GDDR7 Full-height,https://www.newegg.com/pny-technologies-inc-nvidia-geforce-rtx-5090-32gb-video-card-nvidia-triple-fans/p/1DW-000M-001Y0,PNY,3830.01,,,Free Shipping
"ASUS ROG Strix Scar- 16"" GeForce RTX 5090 Laptop GPU - Intel Core Ultra 9 275HX - 32GB Memory - 2 TB PCIe SSD - Wi-Fi 7 Windows 11 Pro GAMING LAPTOP - 240 Hz (G635LX-XS97 )",https://www.newegg.com/asus-rog-strix-16-geforce-rtx-5090-laptop-gpu-intel-core-ultra-9-275hx-wqxga-32gb-memory-2-tb-pcie-ssd/p/N82E16834236575,ASUS,3749.99,5.0,1,Free Shipping
ZOTAC SOLID  GeForce RTX 5090 32GB 512-Bit GDDR7 PCI Express 5.0 x16 DLSS 4.0 Video Card ZOTAC GEFORCE RTX 5090 32GB SOLID,https://www.newegg.com/zotac-rtx-5090-solid-geforce-rtx-5090-32gb-graphics-card-triple-fans/p/1FT-000M-00407,ZOTAC,3799.98,,,Free Shipping
"ZOTAC Gaming GeForce RTX 5090 Solid OC 32GB GDDR7, Engine Clock 2422 MHz, Reinforced Metal Mid-Frame, IceStorm 3.0 Advanced Cooling. Bundle with Targus dockstation and Backpack Alienware.",https://www.newegg.com/p/1VK-0015-005Z7,ZOTAC,3695.0,,,
"Hyper Cyber NOVA Gaming Desktop AMD Ryzen 7 7800X3D, NVIDIA GeForce RTX 5090, 64GB DDR5, 2TB SSD, Windows 11 Home, RGB Lighting, WiFi, Ready to Use",https://www.newegg.com/hyper-cyber-nova-gaming-desktop-pcs-nvidia-geforce-rtx-5090-32gb-gddr7-amd-ryzen-7-7800x3d-64gb-ddr5-2tb-ssd-ssd-black/p/3D5-006Z-007N2,Hyper,7139.99,,,Free Shipping
"Hyper Cyber NOVA Gaming Desktop AMD Ryzen 7 7800X3D, NVIDIA GeForce RTX 5090, 64GB DDR5, 4TB SSD, Windows 11 Home, RGB Lighting, WiFi, Ready to Use",https://www.newegg.com/hyper-cyber-nova-gaming-desktop-pcs-nvidia-geforce-rtx-5090-32gb-gddr7-amd-ryzen-7-7800x3d-64gb-ddr5-4tb-ssd-ssd-black/p/3D5-006Z-007N3,Hyper,7319.99,,,Free Shipping
Andromeda Insights V3 Quasar 50 - RTX 5090 32GB GDDR7 | Ryzen 9 9950X3D 4.3 GHz (5.7 GHz Turbo Boost) | 32GB DDR5 6000MHz | 2TB Gen4 SSD | 1200W Gold PSU | ARGB Fans | Wi-Fi + BT | Win 11,https://www.newegg.com/andromeda-insights-quasar-gaming-desktop-pcs-nvidia-rtx-5090-amd-ryzen-9-9950x3d-32gb-ddr5-2tb-nvme-ssd-v3-50-black/p/3D5-006J-000C1,Andromeda,4749.99,,,Free Shipping
PNY GeForce RTX 5090 OC 32GB 512-Bit GDDR7 DLSS 4.0 PCI Express 5.0 x16 Graphics Card VCG509032TFXPB1-O,https://www.newegg.com/pny-technologies-inc-geforce-rtx-5090-graphics-card/p/1FT-000P-00662,PNY,3999.99,,,Free Shipping
"RefurbishedMSI Raider 18 HX AI Gaming Laptop Intel Core Ultra 9 285HX NVIDIA GeForce RTX 5090 64GB Memory 2 TB NVMe SSD 18.0"" UHD+ Windows 11 Pro (A2XWJG-069US)",https://www.newegg.com/msi-raider-18-0-geforce-rtx-5090-laptop-gpu-intel-core-ultra-9-285hx-64gb-memory-2-tb-nvme-ssd/p/N82E16834156881,MSI,3999.99,,,Free Shipping
Andromeda Insights V3 Quasar 50 - RTX 5090 32GB GDDR7 | Ryzen 7 9800X3D 4.7 GHz (5.2 GHz Turbo Boost) | 32GB DDR5 6000MHz | 2TB Gen4 SSD | 1200W Gold PSU | ARGB Fans | Wi-Fi + BT | Win 11,https://www.newegg.com/andromeda-insights-quasar-gaming-desktop-pcs-nvidia-rtx-5090-amd-ryzen-7-9800x3d-32gb-ddr5-2tb-nvme-ssd-v3-50-black/p/3D5-006J-000C0,Andromeda,4499.99,,,Free Shipping
"HP OMEN 45L GT22-3090 Gaming PC, Intel Core Ultra 9 285K 3.2GHz Processor; NVIDIA GeForce RTX 5090 32GB GDDR7; Kingston FURY 64GB DDR5-5600 XMP RGB Heatsink RAM; 2TB NVMe SSD",https://www.newegg.com/hp-gaming-desktop-pcs-nvidia-geforce-rtx-5090-32gb-gddr7-intel-core-ultra-9-285k-64gb-ddr5-2tb-nvme-ssd-omen-45l-black/p/3D5-0005-03SF5,HP,4769.99,,,Free Shipping
Andromeda Insights Quasar 50 Frame - RTX 5090 32GB GDDR7 | Ryzen 9 9950X3D 4.3 GHz (5.7 GHz Turbo Boost) | X870 | 32GB DDR5 6000MHz | 2TB Gen4 SSD | 1200W Gold PSU | ARGB Fans | Wi-Fi + BT | Win 11,https://www.newegg.com/andromeda-insights-quasar-gaming-desktop-pcs-geforce-rtx-5090-amd-ryzen-9-9950x3d-32gb-ddr5-2tb-nvme-ssd-black/p/3D5-006J-00055,Andromeda,5249.99,5.0,1,Free Shipping
"[2025] HIDevolution ASUS ROG Strix SCAR 18 G835LX 18"" WQXGA 240Hz Mini LED, 2.1 GHz Ultra 9-275HX, RTX 5090, 96 GB DDR5 RAM, 4 TB PCIe SSD, Windows 11 Pro",https://www.newegg.com/asus-rog-strix-scar-18-18-0-geforce-rtx-5090-laptop-gpu-intel-core-ultra-9-275hx-wqxga-96gb-memory-4-tb-ssd/p/2WC-000N-0FZW3,ASUS,5619.0,,,
"Hyper Cyber ULTRA BLACK Gaming Desktop AMD Ryzen 7 7800X3D, NVIDIA GeForce RTX 5090, 32GB DDR5, 1TB SSD, Windows 11 Home, Custom Cooler Display, Internal Mini Display, RGB Lighting, WiFi, Ready to Use",https://www.newegg.com/hyper-cyber-gaming-desktop-pcs-nvidia-geforce-rtx-5090-amd-ryzen-7-7800x3d-32gb-ddr5-1tb-ssd-ssd-ultra-black/p/3D5-006Z-007C4,Hyper,6789.99,,,Free Shipping
"MSI Raider 18 HX AI 18"" QHD+ IPS 240Hz Display, Gaming Laptop - Core Black, Intel Core Ultra 9 285HX 2.1GHz Processor; NVIDIA GeForce RTX 5090 GPU 24GB GDDR7; 64GB DDR5-6400 RAM; 2TB NVMe M.2 SSD",https://www.newegg.com/msi-raider-18-hx-ai-18-0-geforce-rtx-5090-laptop-gpu-intel-core-ultra-9-285hx-qhd-ips-display-64gb-memory-2-tb-nvme-ssd/p/2WC-000C-0J9W7,MSI,4696.0,,,Free Shipping
"Hyper Cyber ULTRA BLACK Gaming Desktop AMD Ryzen 7 7800X3D, NVIDIA GeForce RTX 5090, 32GB DDR5, 2TB SSD, Windows 11 Home, Custom Cooler Display, Internal Mini Display, RGB Lighting, WiFi, Ready to Use",https://www.newegg.com/hyper-cyber-gaming-desktop-pcs-nvidia-geforce-rtx-5090-amd-ryzen-7-7800x3d-32gb-ddr5-2tb-ssd-ssd-ultra-black/p/3D5-006Z-007C5,Hyper,6889.99,,,Free Shipping
"MSI Stealth A18 AI+ - 18"" GeForce RTX 5090 Laptop GPU - AMD Ryzen AI 9 HX 370 - 64GB Memory - 2 TB SSD - Wi-Fi 7 Windows 11 Home Gaming Laptop - 120 Hz Mini LED (Stealth A18 AI+ A3XWJG-006US )",https://www.newegg.com/msi-stealth-a18-ai-18-geforce-rtx-5090-laptop-gpu-amd-ryzen-ai-9-hx-370-uhd-64gb-memory-2-tb-ssd/p/N82E16834156773,MSI,3956.99,,,Free Shipping
"Hyper Cyber ULTRA WHITE Gaming Desktop AMD Ryzen 7 7800X3D, NVIDIA GeForce RTX 5090, 32GB DDR5, 1TB SSD, Windows 11 Home, VR Ready, RGB Lighting, WiFi, Ready to Use, Custom Cooler Display.",https://www.newegg.com/hyper-cyber-gaming-desktop-pcs-nvidia-geforce-rtx-5090-amd-ryzen-7-7800x3d-32gb-ddr5-1tb-ssd-ssd-ultra-white/p/3D5-006Z-00757,Hyper,6909.99,,,Free Shipping
YEYIAN Gaming PC Desktop MIRAGE X AMD Ryzen 9 9900X3D NVIDIA RTX 5090 DDR5 32GB 6000MHz 2 TB SSD NVMe 360mm AIO 1000W PSU - Windows 11 Home - YPA-MX990DC-5901U,https://www.newegg.com/yeyian-gaming-desktop-pcs-nvidia-geforce-rtx-5060-8gb-gddr7-amd-ryzen-9-9900x3d-32gb-ddr5-2tb-nvme-ssd/p/3D5-002P-00078,YEYIAN,4399.99,,,Free Shipping
"Hyper Cyber ULTRA BLACK Gaming Desktop AMD Ryzen 7 7800X3D, NVIDIA GeForce RTX 5090, 32GB DDR5, 1TB SSD, Windows 11 Home, RGB Lighting, WiFi, Ready to Use, Custom Cooler Display",https://www.newegg.com/hyper-cyber-gaming-desktop-pcs-nvidia-geforce-rtx-5090-amd-ryzen-7-7800x3d-32gb-ddr5-1tb-ssd-ssd-ultra-black/p/3D5-006Z-006Y2,Hyper,6909.99,,,Free Shipping
ABS Eurus Pro AI PC -  Intel Core Ultra 9 285K - GeForce RTX 5090 - 64GB (16GBx4) DDR5 - 2TB NVMe SSD – Ubuntu,https://www.newegg.com/abs-eurus-pro-ai-gaming-desktop-pc-geforce-rtx-5090-intel-core-ultra-9-285k-64gb-ddr5-2tb-ssd-ai285k5090/p/N82E16883361008,ABS,5399.99,,,Free Shipping
"Hyper Cyber ULTRA WHITE Gaming Desktop AMD Ryzen 7 7800X3D, NVIDIA GeForce RTX 5090, 32GB DDR5, 2TB SSD, Windows 11 Home, VR Ready, RGB Lighting, WiFi, Ready to Use, Custom Cooler Display.",https://www.newegg.com/hyper-cyber-gaming-desktop-pcs-nvidia-geforce-rtx-5090-amd-ryzen-7-7800x3d-32gb-ddr5-2tb-ssd-ssd-ultra-white/p/3D5-006Z-00758,Hyper,7009.99,,,Free Shipping
"Hyper Cyber ULTRA BLACK Gaming Desktop AMD Ryzen 7 7800X3D, NVIDIA GeForce RTX 5090, 32GB DDR5, 2TB SSD, Windows 11 Home, RGB Lighting, WiFi, Ready to Use, Custom Cooler Display",https://www.newegg.com/hyper-cyber-gaming-desktop-pcs-nvidia-geforce-rtx-5090-amd-ryzen-7-7800x3d-32gb-ddr5-2tb-ssd-ssd-ultra-black/p/3D5-006Z-006Y3,Hyper,7009.99,,,Free Shipping
"Velztorm LCD Praetix Custom Built Y70 Touch Gaming Desktop PC (Intel i9-14900K, GeForce RTX 5090, 64GB DDR5, 2TB PCIe SSD + 6TB HDD, RGB Fans, 360mm AIO, 1000W PSU, WiFi 6, BT 5.2, RJ-45, Win 11 Home)",https://www.newegg.com/p/3D5-000W-1ADH4,Velztorm,6683.0,,,
ASUS TUF GT302 - AMD Ryzen 7-9800X3D 16 core up to 5.2 GHz - Geforce RTX 5090 - 2TB HDD + 4TB NVMe SSD - 64GB DDR5(2X32GB) - 1200W - Windows 11 Liquid Cooled Gaming Desktop PC WiFi RGB,https://www.newegg.com/asus-gaming-desktop-pcs-geforce-rtx-5090-amd-ryzen-7-9800x3d-64gb-ddr5-4-tb-ssd-2tb-hdd-black/p/3D5-000F-04FH1,ASUS,6380.0,,,Free Shipping
"[2025] HIDevolution MSI Infinite RS AI 2NVZ9 3.2 GHz Ultra 9-285K, RTX 5090 LIQUID, 96 GB DDR5 RAM, 16 TB PCIe SSD, Windows 11 Pro",https://www.newegg.com/msi-infinite-rs-ai-2nd-gaming-desktop-pcs-nvidia-geforce-rtx-5090-liquid-intel-core-ultra-9-285k-64gb-ddr5-16-tb-ssd-infinite-rs-ai-2nvz9-1291us-black/p/3D5-000G-04HP7,MSI,8849.0,,,
ASUS TUF Gaming GeForce RTX 5090 32GB GDDR7 OC Edition TUF-RTX5090-O32G-GAMING PCI-Express 5.0 DLSS 4.0 Graphics Card,https://www.newegg.com/asus-tuf-gaming-tuf-rtx5090-o32g-gaming-geforce-rtx-5090-32gb-graphics-card-triple-fans/p/1FT-000Y-00BS5,ASUS,3599.99,,,Free Shipping
MSI GeForce RTX 5090 32G VANGUARD SOC LAUNCH EDITION including Lucky Blind Box,https://www.newegg.com/msi-rtx-5090-32g-vanguard-soc-launch-edition-geforce-rtx-5090-32gb-graphics-card-triple-fans/p/N82E16814137917,MSI,4800.0,5.0,1,Free Shipping
ASUS ROG Astral GeForce RTX 5090 32GB GDDR7 PCI Express 5.0 Graphics Card ROG-ASTRAL-RTX5090-32G-WHITE,https://www.newegg.com/asus-rog-astral-rog-astral-rtx5090-o32g-white-geforce-rtx-5090-32gb-video-cards-triple-fans/p/1FT-000Y-00CH9,ASUS,4599.99,,,Free Shipping
ZOTAC SOLID OC White Edition GeForce RTX 5090 32GB 512-Bit GDDR7 PCI Express 5.0 x16 DLSS 4.0 Graphics Card ZT-B50900Q-10P SOLID OC White Edition  ZOTAC GEFORCE RTX 5090  32GB SOLID OC WHITE,https://www.newegg.com/zotac-gaming-geforce-rtx-5090-solid-oc-white-edition-32gb-graphics-card-triple-fans/p/1FT-000M-00406,ZOTAC,3999.0,,,Free Shipping
ASUS ROG Astral GeForce RTX 5090 32GB GDDR7 ROG-ASTRAL-RTX5090-32G-GAMING PCI-Express 5.0 DLSS 4.0 Video Card,https://www.newegg.com/asus-rog-astral-rog-astral-rtx5090-32g-gaming-geforce-rtx-5090-32gb-video-cards-triple-fans/p/1FT-000Y-00C94,ASUS,3599.99,,,Free Shipping
"CLX Horus Gaming Desktop - AMD Ryzen 9 9950X3D 4.3GHz 16-Core Processor, 96GB DDR5 Memory, GeForce RTX 5090 32GB GDDR7 Graphics, 2TB NVMe M.2 SSD, 8TB HDD, WiFi, Win 11 Home 64-bit",https://www.newegg.com/clx-horus-gaming-desktop-pcs-nvidia-geforce-rtx-5090-amd-ryzen-9-9950x3d-96gb-ddr5-2-tb-ssd-8tb-hdd-tgmhorrtz5305bm-black/p/3D5-000B-00312,CLX,6399.99,,,
ArsenalPC C301 GLASS - Intel Core Ultra 9-285K 24 core 5.7GHz - GeForce RTX 5090 - 4TB NVMe SSD - 128GB DDR5(4X32GB) - 1200W - Windows 11 Liquid Cooled Gaming PC,https://www.newegg.com/gigabyte-gaming-desktop-pcs-geforce-rtx-5090-intel-core-ultra-9-285k-128gb-ddr5-4-tb-ssd-black/p/3D5-0073-00648,ArsenalPC,7040.0,5.0,2,Free Shipping
"CLX Horus Gaming Desktop - Intel Core Ultra 9 285K 3.7GHz 24-Core Processor, 96GB DDR5 Memory, RTX 5090 32GB GDDR7 Graphics, 2TB NVMe M.2 SSD, 8TB HDD, WiFi, Win 11 Home 64-bit",https://www.newegg.com/clx-horus-gaming-desktop-pcs-nvidia-geforce-rtx-5090-intel-core-ultra-9-285k-96gb-ddr5-2tb-nvme-ssd-8tb-hdd-tgmhorrtz5108bm-black/p/3D5-000B-002Z7,CLX,5699.99,,,
"CLX SET Gaming Desktop - Intel Core Ultra 9 285K 3.7GHz 24-Core Processor, 64GB DDR5 Memory, RTX 5090 32GB GDDR7 Graphics, 2TB NVMe M.2 SSD, 4TB HDD, WiFi, Win 11 Home 64-bit",https://www.newegg.com/clx-gaming-desktop-pcs-nvidia-geforce-rtx-5090-intel-core-ultra-9-285k-64gb-ddr5-2tb-nvme-ssd-4tb-hdd-tgmsetrtz5107bm-black/p/3D5-000B-002Z6,CLX,5399.99,,,$450.00 Shipping
ArsenalPC C301 GLASS - AMD Ryzen 9-9950X3D 16 core 4.3GHz - GeForce RTX 5090 - 4TB NVMe SSD - 128GB DDR5(4X32GB) - 1200W - Windows 11 Liquid Cooled Gaming PC,https://www.newegg.com/gigabyte-gaming-desktop-pcs-geforce-rtx-5090-amd-ryzen-9-9950x3d-128gb-ddr5-4-tb-ssd-black/p/3D5-0073-006M0,ArsenalPC,7282.0,,,Free Shipping
ADAMANT CUSTOM 16-Core Video Editing Modelling Workstation Gaming Desktop Computer PC AMD Ryzen 9 9950X3D 4.3GHz X870 PRIME 192GB DDR5 RAM 8TB NVMe GEN4 SSD 1200W Geforce RTX 5090 32GB,https://www.newegg.com/p/3D5-002T-003M4,Adamant Custom,8399.99,,,Free Shipping
ADAMANT CUSTOM 16-Core Video Editing Modelling Workstation Gaming Desktop Computer PC AMD Ryzen 9 9950X3D 4.3GHz X870 EAGLE 192GB DDR5 RAM 8TB NVMe GEN4 SSD 10TB HDD 1200W Geforce RTX 5090 32GB,https://www.newegg.com/p/3D5-002T-003K7,Adamant Custom,8549.99,2.0,1,Free Shipping
"Lenovo Legion Pro 7i 16"" WQXGA OLED 240Hz Gaming Notebook Intel Core Ultra 9 275HX 32GB RAM 1TB SSD NVIDIA GeForce RTX 5090 Eclipse Black",https://www.newegg.com/lenovo-16-0-geforce-rtx-5090/p/2S3-0005-00520,Lenovo,3249.99,,,Free Shipping
ArsenalPC ASUS ROG GR701 - AMD Ryzen 9-9950X3D 16 core 4.3GHz - GeForce RTX 5090 - 2TB HDD + 2TB NVMe SSD - 128GB DDR5(4X32GB) - 1200W - Windows 11 Liquid Cooled Gaming PC,https://www.newegg.com/asus-gaming-desktop-pcs-nvidia-geforce-rtx-5090-amd-ryzen-9-9950x3d-128gb-ddr5-2-tb-ssd-2tb-hdd-black/p/3D5-0073-008S2,ArsenalPC,7612.0,,,Free Shipping
"CLX SET Gaming Desktop - AMD Ryzen 9 9900X3D 4.4GHz 12-Core Processor, 32GB DDR5 Memory, GeForce RTX 5090 32GB GDDR7 Graphics, 2TB NVMe M.2 SSD, WiFi, Win 11 Home 64-bit",https://www.newegg.com/clx-gaming-desktop-pcs-nvidia-geforce-rtx-5090-amd-ryzen-9-9900x3d-32gb-ddr5-2-tb-ssd-tgmsetrtz5304bm-black/p/3D5-000B-00311,CLX,5899.99,,,$13.99 Shipping
ADAMANT CUSTOM 16-Core Video Editing Modelling Workstation Gaming Desktop Computer PC AMD Ryzen 9 9950X3D 4.3GHz X870 EAGLE 64GB DDR5 RAM 4TB NVMe GEN4 SSD 1200W Geforce RTX 5090 32GB,https://www.newegg.com/p/3D5-002T-003M7,Adamant Custom,6899.99,,,Free Shipping
"Velztorm Black Praetix Custom Built Gaming Desktop PC (Intel i9-14900K, GeForce RTX 5090, 64GB DDR5, 2TB PCIe SSD + 6TB HDD, RGB Fans, 360mm AIO, 1000W PSU, WiFi 6E, Bluetooth 5.2, RJ-45, Win 11 Pro)",https://www.newegg.com/p/3D5-000W-1ADG1,Velztorm,5963.0,,,Free Shipping
ADAMANT CUSTOM 16-Core Video Editing Modelling Workstation Gaming Desktop Computer PC AMD Ryzen 9 9950X3D 4.3GHz X870 PRIME 128GB DDR5 RAM 2TB NVMe GEN4 SSD 1200W Geforce RTX 5090 32GB,https://www.newegg.com/p/3D5-002T-003N1,Adamant Custom,7599.99,,,Free Shipping
MSI MAG PANO 120R PZ - AMD Ryzen 9-9950X3D 16 core 4.3GHz - Geforce RTX 5090 - 2TB HDD + 2TB NVMe SSD - 128GB DDR5(4X32GB) - 1200W - Windows 11 Liquid Cooled Gaming Desktop PC WiFi RGB,https://www.newegg.com/msi-gaming-desktop-pcs-geforce-rtx-5090-amd-ryzen-9-9950x3d-128gb-ddr5-2-tb-ssd-2tb-hdd-black/p/3D5-000G-04DZ4,MSI,6952.0,5.0,2,Free Shipping
"CLX Horus Gaming Desktop - AMD Ryzen 9 9950X 4.3GHz 16-Core Processor, 96GB DDR5 Memory, RTX 5090 32GB GDDR7 Graphics, 2TB NVMe M.2 SSD, 8TB HDD, WiFi, Win 11 Home 64-bit",https://www.newegg.com/clx-horus-gaming-desktop-pcs-nvidia-geforce-rtx-5090-amd-ryzen-9-9950x-96gb-ddr5-2tb-nvme-ssd-8tb-hdd-tgmhorrtu5109bm-black/p/3D5-000B-00301,CLX,6299.99,,,Free Shipping
ADAMANT CUSTOM 16-Core Video Editing Modelling Workstation Gaming Desktop Computer PC AMD Ryzen 9 9950X3D 4.3GHz X870 EAGLE 192GB DDR5 RAM 4TB NVMe GEN4 SSD 10TB HDD 1200W Geforce RTX 5090 32GB,https://www.newegg.com/p/3D5-002T-003J9,Adamant Custom,8249.99,,,Free Shipping
"Lenovo Legion Pro 7i 16 Gaming Laptop, 16"" WQXGA OLED Glossy 240Hz, Intel Core Ultra 9 275HX 24-Core Processor, RTX 5090 24GB GDDR7, 64GB DDR5  2TB PCIe SSD, Windows 11 Pro ,Office 2024 License",https://www.newegg.com/lenovo-raider-16-0-geforce-rtx-5090-laptop-gpu-2-10ghz-qhd-64gb-memory-2tb-pcie-ssd-ssd/p/2WC-000J-037Z5,Lenovo,4389.0,,,Free Shipping
"Lenovo Legion Pro 7i 16 Gaming Laptop, 16"" WQXGA OLED Glossy 240Hz, Intel Core Ultra 9 275HX 24-Core Processor, RTX 5090 24GB GDDR7, 32GB DDR5  4TB  PCIe SSD, Windows 11 Pro ,Office 2024 License",https://www.newegg.com/lenovo-raider-16-0-geforce-rtx-5090-laptop-gpu-2-10ghz-qhd-32gb-memory-4tb-pcie-ssd-ssd/p/2WC-000J-037Y8,Lenovo,4479.0,,,Free Shipping
"Thermaltake LCGS View 9590S-380XL Gaming Desktop (AMD Ryzen 9 9950X3D, ToughRam 32GB DDR5 6000MT/s RGB Memory, NVIDIA GeForce RTX 5090, 2TB NVMe M.2, Wifi, Windows 11) VXLS-X87S-590-LCS",https://www.newegg.com/thermaltake-gaming-desktop-pc-geforce-rtx-5090-amd-ryzen-9-9950x3d-32gb-ddr5-2tb-ssd-lcgs-view-9590s-380xl-white/p/N82E16883100117,Thermaltake,5399.99,,,Free Shipping
"ASUS ROG Zephyrus G16 (2025) Gaming Laptop, 16"" ROG Nebula OLED 2.5K, RTX 5090, Ultra 9 285H, 64GB, 2TB SSD, Win 11 Pro, Platinum White, GU605CX-XS98",https://www.newegg.com/asus-16-64-gb-memory-2-tb-ssd/p/2WC-000N-0GGD5,ASUS,4599.0,,,Free Shipping
ADAMANT CUSTOM 16-Core Video Editing Modelling Workstation Gaming Desktop Computer PC AMD Ryzen 9 9950X3D 4.3GHz X870 EAGLE 192GB DDR5 RAM 2TB NVMe GEN4 SSD 1200W Geforce RTX 5090 32GB,https://www.newegg.com/p/3D5-002T-003N6,Adamant Custom,7949.99,,,Free Shipping
ROG Strix Helios GX601 - Intel Core Ultra 9-285K 24 core 5.7GHz - Geforce RTX 5090 - 2TB HDD + 4TB NVMe SSD - 128GB DDR5(4X32GB) - 1200W - Windows 11 Liquid Cooled Gaming Desktop PC WiFi RGB,https://www.newegg.com/asus-gaming-desktop-pcs-geforce-rtx-5090-intel-core-ultra-9-285k-128gb-ddr5-4-tb-ssd-2tb-hdd-black/p/3D5-000F-04HH0,ASUS,7172.0,,,Free Shipping
"Thermaltake LCGS Reactor 9890S Gaming Desktop (AMD Ryzen 7 9800X3D, ToughRam 32GB DDR5 6000MT/s RGB Memory, NVIDIA GeForce RTX 5090, 2TB NVMe M.2, Wifi, Windows 11) T6WT-X870-590-LCS",https://www.newegg.com/thermaltake-gaming-desktop-pc-geforce-rtx-5090-amd-ryzen-7-9800x3d-32gb-ddr5-2tb-ssd-lcgs-reactor-9890s-white/p/N82E16883100109,Thermaltake,5199.99,,,Free Shipping
ArsenalPC ASUS Prime AP202 - Intel Core Ultra 7-265KF 20 core 5.4GHz - GeForce RTX 5090 - 2TB NVMe SSD - 32GB DDR5(2X16GB) - 1200W - Windows 11 Liquid Cooled with LCD Gaming PC WiFi RGB,https://www.newegg.com/arsenalpc-gaming-desktop-pcs-nvidia-geforce-rtx-5090-intel-core-ultra-7-265kf-32gb-ddr5-2tb-nvme-ssd-black/p/3D5-0073-00CW5,ArsenalPC,5962.0,,,Free Shipping
ArsenalPC ASUS Prime AP202  - AMD Ryzen 7-9700X 8 core 3.8GHz - GeForce RTX 5090 - 2TB NVMe SSD - 32GB DDR5(2X16GB) - 1200W - Windows 11 Liquid Cooled with LCD Gaming PC WiFi RGB,https://www.newegg.com/arsenalpc-gaming-desktop-pcs-nvidia-geforce-rtx-5090-amd-ryzen-7-9700x-32gb-ddr5-2tb-nvme-ssd-black/p/3D5-0073-00BZ5,ArsenalPC,5984.0,,,Free Shipping
"[2025] HIDevolution ASUS ROG Zephyrus G16 GU605CX [Grey] 16"" WQXGA 240Hz OLED, 2.7 GHz Ultra 9-285H, RTX 5090, 32 GB LPDDR5X RAM, 2 x 4 TB PCIe SSD, Windows 11 Home",https://www.newegg.com/asus-rog-zephyrus-g16-16-0-geforce-rtx-5090-laptop-gpu-intel-core-ultra-9-285h-2-5k-32gb-memory-8-tb-ssd/p/2WC-000N-0GFR7,ASUS,5824.0,,,
"[2025] HIDevolution ASUS ROG Zephyrus G16 GU605CX [Grey] 16"" WQXGA 240Hz OLED, 2.7 GHz Ultra 9-285H, RTX 5090, 32 GB LPDDR5X RAM, 2 x 4 TB PCIe SSD, Windows 11 Pro",https://www.newegg.com/asus-rog-zephyrus-g16-16-0-geforce-rtx-5090-laptop-gpu-intel-core-ultra-9-285h-2-5k-32gb-memory-8-tb-ssd/p/2WC-000N-0GFS9,ASUS,5954.0,,,
"[2025] HIDevolution MSI Raider 18 HX AI A2XWJG 18"" UHD+ 120Hz Mini LED, 2.1 GHz Ultra 9-285HX , RTX 5090, 96 GB DDR5 RAM, 4 TB PCIe SSD, Windows 11 Pro",https://www.newegg.com/msi-raider-18-hx-a-18-0-nvidia-geforce-rtx-5090-laptop-gpu-intel-core-ultra-9-285hx-uhd-96gb-memory-4-tb-ssd/p/2WC-000C-0J983,MSI,5339.0,,,
"ASUS ROG Strix SCAR AI Gaming Laptop 18"" 240Hz Mini LED WQXGA Display (Intel Ultra 9- 275HX, NVIDIA GeForce RTX 5090 24GB, 64GB DDR5, 2TB PCIe SSD, RGB KB, 2 Thunderbolt 5, WiFi 7, Webcam, Win 11 Pro)",https://www.newegg.com/asus-rog-strix-scar-18-0-nvidia-geforce-rtx-5090-64gb-memory-2-tb-ssd/p/2WC-000N-0G8N6,ASUS,6882.19,,,
"[2025] Alienware 18 Area-51 [Membrane Keyboard] 18"" QHD+ 240Hz, 2.1 GHz Ultra 9-275HX, RTX 5090, 96 GB DDR5 RAM, 4 TB PCIe SSD, Windows 11 Home",https://www.newegg.com/dell-alienware-18-area-51-18-0-nvidia-geforce-rtx-5090-laptop-gpu-intel-core-ultra-9-275hx-qhd-96gb-memory-4-tb-ssd/p/2WC-0009-033P2,DELL,4989.0,,,
"[2025] HIDevolution EVOC High Performance Systems X5801D (X580WNT-G) 18"" UHD+ 200Hz, 2.1 GHz Ultra 9-275HX, RTX 5090, 192 GB DDR5 RAM, 2 TB PCIe SSD, Windows 11 Pro",https://www.newegg.com/evoc-x580wnt-g-18-0-geforce-rtx-5090-laptop-gpu-intel-core-ultra-9-275hx-uhd-192gb-memory-2-tb-ssd/p/2WC-002P-00HJ1,[2025],4989.0,,,Free Shipping
"[2025] HIDevolution MSI Raider A18 HX A9WJG 18"" UHD+ 120Hz Mini LED, 2.5 GHz Ryzen 9 9955HX3D, RTX 5090, 64 GB DDR5 RAM, 2 TB PCIe SSD, Windows 11 Pro",https://www.newegg.com/msi-raider-a18-hx-18-0-nvidia-geforce-rtx-5090-laptop-gpu-amd-ryzen-9-9955hx3d-uhd-64gb-memory-2-tb-ssd/p/2WC-000C-0J472,MSI,4899.0,,,
C301 GLASS - AMD Ryzen 9-9950X3D 16 core 4.3GHz - Geforce RTX 5090 - 2TB NVMe SSD - 64GB DDR5(2X32GB) - 1200W - Windows 11 Liquid Cooled Gaming Desktop PC WiFi RGB,https://www.newegg.com/gigabyte-gaming-desktop-pcs-geforce-rtx-5090-amd-ryzen-9-9950x3d-64gb-ddr5-2-tb-ssd-black/p/3D5-000M-00447,GIGABYTE,6622.0,,,Free Shipping
ArsenalPC ASUS Prime AP202 White - Intel Core Ultra 7-265KF 20 core 5.4GHz - GeForce RTX 5090 - 2TB NVMe SSD - 128GB DDR5(4X32GB) - 1200W - Windows 11 Liquid Cooled with LCD Gaming PC WiFi RGB,https://www.newegg.com/arsenalpc-gaming-desktop-pcs-nvidia-geforce-rtx-5090-intel-core-ultra-7-265kf-128gb-ddr5-2tb-nvme-ssd-white/p/3D5-0073-00B87,ArsenalPC,6420.0,,,Free Shipping
ROG Strix Helios GX601 White - AMD Ryzen 9-9950X3D 16 core 4.3GHz - Geforce RTX 5090 - 2TB HDD + 4TB NVMe SSD - 128GB DDR5(4X32GB) - 1200W - Windows 11 Liquid Cooled Gaming Desktop PC WiFi RGB,https://www.newegg.com/asus-gaming-desktop-pcs-geforce-rtx-5090-amd-ryzen-9-9950x3d-128gb-ddr5-4-tb-ssd-2tb-hdd-white/p/3D5-000F-04RP2,ASUS,7392.0,,,Free Shipping
ArsenalPC ASUS Prime AP202 - AMD Ryzen 9-9900X 12 core 4.4GHz - GeForce RTX 5090 - 2TB NVMe SSD - 128GB DDR5(4X32GB) - 1200W - Windows 11 Liquid Cooled Gaming Desktop PC WiFi RGB,https://www.newegg.com/arsenalpc-gaming-desktop-pcs-nvidia-geforce-rtx-5090-amd-ryzen-9-9900x-128gb-ddr5-2tb-nvme-ssd-white/p/3D5-0073-00AG9,ArsenalPC,6540.0,,,Free Shipping
ASUS TUF GT501 White - AMD Ryzen 9-9950X 16 core 4.3GHz - Geforce RTX 5090 - 2TB HDD + 1TB NVMe SSD - 128GB DDR5(4X32GB) - 1200W - Windows 11 Liquid Cooled Gaming Desktop PC WiFi RGB,https://www.newegg.com/asus-gaming-desktop-pcs-geforce-rtx-5090-amd-ryzen-9-9950x-128gb-ddr5-1-tb-ssd-2tb-hdd-white/p/3D5-000F-04KZ3,ASUS,6754.0,,,Free Shipping
ADAMANT CUSTOM 16-Core Video Editing Modelling Workstation Gaming Desktop Computer PC AMD Ryzen 9 9950X3D 4.3GHz X870 PRIME 192GB DDR5 RAM 8TB NVMe GEN4 SSD 10TB HDD 1200W Geforce RTX 5090 32GB,https://www.newegg.com/p/3D5-002T-003J3,Adamant Custom,8549.99,,,Free Shipping
"Skytech Legacy Gaming PC Desktop, Ryzen 9 9900X3D 4.4 GHz (5.5GHz Turbo), X870 Motherboard, NVIDIA RTX 5090 32GB GDDR7, 4TB Gen4 NVMe SSD, 64GB DDR5 6000 RGB, 1000W GOLD ATX 3.0, Wi-Fi, Win 11",https://www.newegg.com/skytech-gaming-desktop-pcs-geforce-rtx-5090-amd-ryzen-9-9900x3d-64gb-ddr5-4tb-nvme-ssd-st-legacy4-1686-b-al-black/p/3D5-000Z-002C1,Skytech,5099.99,4.0,3,
ROG Strix Helios GX601 White - Intel Core i7-14700KF 20 core 3.4GHz - Geforce RTX 5090 - 2TB HDD + 4TB NVMe SSD - 32GB DDR5(2X16GB) - 1200W - Windows 11 Liquid Cooled Gaming Desktop WiFi RGB,https://www.newegg.com/asus-gaming-desktop-pcs-geforce-rtx-5090-intel-core-i7-14700kf-32gb-ddr5-4-tb-ssd-2tb-hdd-white/p/3D5-000F-04PV5,ASUS,6314.0,,,Free Shipping
"Razer Blade 18 [2025] Black, 18"" Dual UHD+ 240Hz / FHD+ 440Hz, 2.1 GHz Ultra 9-275HX , RTX 5090, 64 GB DDR5 RAM, 4 TB PCIe SSD, Windows 11 Home",https://www.newegg.com/razer-blade-18-18-0-nvidia-geforce-rtx-5090-laptop-gpu-intel-core-ultra-9-275hx-dual-uhd-fhd-64gb-memory-4-tb-ssd/p/2WC-001W-007C9,RAZER,5709.0,,,
ArsenalPC MSI MAG PANO M100R - AMD Ryzen 9-9950X3D 16 core 4.3GHz - GeForce RTX 5090 - 4TB NVMe SSD - 128GB DDR5(4X32GB) - 1200W - Windows 11 Liquid Cooled Gaming PC,https://www.newegg.com/msi-gaming-desktop-pcs-geforce-rtx-5090-amd-ryzen-9-9950x3d-128gb-ddr5-4-tb-ssd-0-hdd-black/p/3D5-000G-04HZ4,MSI,6820.0,,,Free Shipping
ArsenalPC CoolerMaster TD500 Mesh - AMD Ryzen 7-9700X 8 core 3.8GHz - Geforce RTX 5090 - 2TB HDD + 1TB NVMe SSD - 128GB DDR5(4X32GB) - 1200W - Windows 11 Liquid Cooled Gaming PC,https://www.newegg.com/asus-gaming-desktop-pcs-geforce-rtx-5090-amd-ryzen-7-9700x-128gb-ddr5-1-tb-ssd-2tb-hdd-white/p/3D5-0073-000D5,ArsenalPC,6360.0,,,Free Shipping
"Skytech Gaming Legacy 4 Gaming PC, Intel Ultra 9 285K 5.5GHz, NVIDIA RTX 5090 32GB, Z890 Board, 4TB Gen4 NVMe SSD, 64GB DDR5 RAM 6000, 1200W GOLD ATX 3 PSU, 420 ARGB AIO, Wi-Fi, Win 11, Desktop",https://www.newegg.com/skytech-gaming-desktop-pcs-geforce-rtx-5090-intel-core-ultra-9-285k-64gb-ddr5-4tb-nvme-ssd-st-legacy4-1784-w-al-white/p/3D5-000Z-003C6,Skytech,4899.99,,,
"Skytech Gaming O11 Vision Gaming PC, AMD Ryzen 7 9800X3D 4.7GHz, NVIDIA RTX 5090 32GB, X870 Board, 4TB Gen4 NVMe SSD, 64GB DDR5 RAM 6000, 1000W GOLD ATX 3 PSU, 360 ARGB AIO , Wi-Fi, Win 11, Desktop",https://www.newegg.com/skytech-gaming-desktop-pcs-geforce-rtx-5090-amd-ryzen-7-9800x3d-64gb-ddr5-4tb-nvme-ssd-st-o11v-2573-w-al-white/p/3D5-000Z-003G4,Skytech,4999.99,,,
"Skytech Gaming O11 Vision Gaming PC, AMD Ryzen 7 9800X3D 4.7GHz, NVIDIA RTX 5090 32GB, X870 Board, 4TB Gen4 NVMe SSD, 64GB DDR5 RAM 6000, 1000W GOLD ATX 3 PSU, 360 ARGB AIO , Wi-Fi, Win 11, Desktop",https://www.newegg.com/skytech-gaming-desktop-pcs-geforce-rtx-5090-amd-ryzen-7-9800x3d-64gb-ddr5-4tb-nvme-ssd-st-o11v-2571-b-al-black/p/3D5-000Z-003G2,Skytech,4999.99,,,Free Shipping
Adamant Custom 24-Core Rendering Modelling Editing Workstation Desktop Computer PC Intel Core i9-14900K 3.2GHz Z790 UD 64GB DDR5 1TB NVMe Gen3 SSD WIN11 1200W WiFi Bluetooth Geforce RTX 5090 32GB,https://www.newegg.com/adamant-custom-gaming-desktop-geforce-rtx-4090-intel-core-i9-14900k-64gb-ddr5-1tb-pcie-ssd-black/p/3D5-002T-00189,Adamant Custom,6399.99,,,Free Shipping
"[2025] HIDevolution ASUS ProArt P16 H7606WX Black 16"" 4K 120Hz OLED Touch, 2.0 GHz Ryzen AI 9 HX 370, RTX 5090, 64 GB LPDDR5X RAM, 4 TB PCIe SSD, Windows 11 Pro",https://www.newegg.com/asus-proart-p16-h7606-16-0-geforce-rtx-5090-laptop-gpu-amd-ryzen-ai-9-hx-370-4k-oled-touch-120hz-64gb-memory-4-tb-ssd/p/2WC-000N-0GJB2,ASUS,4699.0,,,
ASUS Prime AP202  - AMD Ryzen 7-9700X 8 core 3.8GHz - GeForce RTX 5090 - 2TB NVMe SSD - 32GB DDR5(2X16GB) - 1200W - Windows 11 Liquid Cooled Gaming PC WiFi RGB,https://www.newegg.com/arsenalpc-gaming-desktop-pcs-nvidia-geforce-rtx-5090-amd-ryzen-7-9700x-32gb-ddr5-2tb-nvme-ssd-black/p/3D5-000F-04ZW6,ASUS,5984.0,,,Free Shipping
ASUS Prime AP202 - Intel Core Ultra 7-265KF 20 core 5.4GHz - GeForce RTX 5090 - 2TB NVMe SSD - 32GB DDR5(2X16GB) - 1200W - Windows 11 Liquid Cooled Gaming PC WiFi RGB,https://www.newegg.com/arsenalpc-gaming-desktop-pcs-nvidia-geforce-rtx-5090-intel-core-ultra-7-265kf-32gb-ddr5-2tb-nvme-ssd-black/p/3D5-000F-05065,ASUS,5962.0,,,Free Shipping
Adamant Custom 12-Core Liquid Cooled Video Editing Rendering Modelling Workstation Computer AMD Ryzen 9 7900X 4.7GHz X670 TUF 32Gb DDR5 1TB NVMe PCIe 4.0 SSD 6TB HDD 1200W Geforce RTX 5090 32Gb,https://www.newegg.com/adamant-custom-gaming-desktop-geforce-rtx-4090-amd-ryzen-9-7900x-32gb-ddr5-1tb-pcie-ssd-6tb-hdd-black/p/3D5-002T-000G0,Adamant Custom,5899.99,,,Free Shipping
Adamant Custom 12-Core Liquid Cooled Video Editing Rendering Modelling Workstation Computer AMD Ryzen 9 7900X 4.7GHz X670 TUF 64Gb DDR5 1TB NVMe SSD 4TB HDD 1200W Geforce RTX 5090 32Gb,https://www.newegg.com/adamant-custom-gaming-desktop-geforce-rtx-4090-amd-ryzen-9-7900x-64gb-ddr5-1tb-pcie-ssd-4tb-hdd-black/p/3D5-002T-000F5,Adamant Custom,6299.99,,,Free Shipping
ADAMANT CUSTOM 24-Core Liquid Cooled Media Workstation Gaming Desktop Computer PC Intel Core i9-13900K 3.0GHz Z690 ROG STRIX 32GB DDR5 4TB NVMe SSD 5TB HDD 1200W Geforce RTX 5090 32GB,https://www.newegg.com/adamant-custom-gaming-desktop-geforce-rtx-4090-intel-core-i9-13900k-32gb-ddr5-4tb-ssd-4tb-hdd-black/p/3D5-002T-000W7,Adamant Custom,6749.99,,,Free Shipping
ADAMANT CUSTOM 24-Core Liquid Cooled Media Workstation Gaming Desktop Computer PC Intel Core i9-13900K 3.0GHz Z690 ROG STRIX 32GB DDR5 2TB NVMe PCIe 4.0 SSD 8TB HDD 1200W Geforce RTX 5090 32GB,https://www.newegg.com/adamant-custom-gaming-desktop-geforce-rtx-4090-intel-core-i9-13900k-32gb-ddr5-2tb-pcie-ssd-8tb-hdd-black/p/3D5-002T-000W4,Adamant Custom,6749.99,,,Free Shipping
ADAMANT CUSTOM 24-Core Liquid Cooled Modelling Editing Rendering Workstation Computer PC Intel Core i9-13900K 3.0GHz Z690 ROG STRIX 64GB DDR5 1TB NVMe PCIe 4.0 SSD 5TB HDD 1200W Geforce RTX 5090 32GB,https://www.newegg.com/adamant-custom-gaming-desktop-geforce-rtx-4090-intel-core-i9-13900k-64gb-ddr5-1tb-pcie-ssd-4tb-hdd-black/p/3D5-002T-000W3,Adamant Custom,7099.99,,,Free Shipping
Adamant Custom 12-Core Liquid Cooled Video Editing Rendering Modelling Workstation Computer AMD Ryzen 9 7900X 4.7GHz X670 TUF 64Gb DDR5 2TB (2x1) NVMe SSD 5TB HDD 1200W Geforce RTX 5090 32Gb,https://www.newegg.com/adamant-custom-gaming-desktop-geforce-rtx-4090-amd-ryzen-9-7900x-64gb-ddr5-2tb-pcie-ssd-4tb-hdd-black/p/3D5-002T-000F8,Adamant Custom,6399.99,,,Free Shipping
"Velztorm Black Praetix 3D Gaming Desktop PC (AMD Ryzen 7 9800X3D, GeForce RTX 5090, 32GB DDR5, 2TB PCIe SSD, RGB Fans, 360mm AIO, 1000W PSU, WiFi 7, Bluetooth 5.4, RJ-45, HDMI, Win 11 Pro)",https://www.newegg.com/p/3D5-000W-1ADJ2,Velztorm,6049.25,,,
"Velztorm LCD Black Praetix Custom Built Gaming Desktop PC (Intel i9-14900K, GeForce RTX 5090, 64GB DDR5, 2TB PCIe SSD + 6TB HDD, RGB Fans, 360mm AIO, 1000W PSU, WiFi 6E, Bluetooth 5.2, Win 11 Pro)",https://www.newegg.com/p/3D5-000W-1ADH7,Velztorm,8011.9,,,
Adamant Custom 12-Core Liquid Cooled Video Editing Rendering Modelling Workstation Computer AMD Ryzen 9 7900X 4.7GHz X670 TUF 32Gb DDR5 2TB NVMe PCIe 4.0 SSD 10TB HDD 1200W Geforce RTX 5090 32Gb,https://www.newegg.com/adamant-custom-gaming-desktop-geforce-rtx-4090-amd-ryzen-9-7900x-32gb-ddr5-2tb-pcie-ssd-10tb-hdd-black/p/3D5-002T-000G3,Adamant Custom,5999.99,,,Free Shipping
ADAMANT CUSTOM 24-Core Liquid Cooled Media Workstation Gaming Desktop Computer PC Intel Core i9-13900K 3.0GHz Z690 ROG STRIX 32GB DDR5 1TB NVMe SSD 4TB HDD 1200W Geforce RTX 5090 32GB,https://www.newegg.com/adamant-custom-gaming-desktop-geforce-rtx-4090-intel-core-i9-13900k-32gb-ddr5-1tb-pcie-ssd-4tb-hdd-black/p/3D5-002T-000V5,Adamant Custom,6649.99,,,Free Shipping
ADAMANT CUSTOM 24-Core Liquid Cooled Media Workstation Gaming Desktop Computer PC Intel Core i9-13900K 3.0GHz Z690 ROG STRIX 32GB DDR5 4TB NVMe SSD 10TB HDD 1200W Geforce RTX 5090 32GB,https://www.newegg.com/adamant-custom-gaming-desktop-geforce-rtx-4090-intel-core-i9-13900k-32gb-ddr5-4tb-ssd-10tb-hdd-black/p/3D5-002T-000X0,Adamant Custom,6849.99,,,Free Shipping
Adamant Custom 24-Core Media Workstation Gaming Desktop Computer PC Intel Core i9-14900K 3.2GHz Z790 TUF 32GB DDR5 1TB NVMe Gen3 SSD 6TB HDD WIN11 1200W Geforce RTX 5090 32GB,https://www.newegg.com/p/3D5-002T-001B1,Adamant Custom,6149.99,,,Free Shipping
ADAMANT CUSTOM 24-Core Liquid Cooled Media Workstation Gaming Desktop Computer PC Intel Core i9-13900K 3.0GHz Z690 ROG STRIX 32GB DDR5 2TB NVMe SSD 6TB HDD 1200W Geforce RTX 5090 32GB,https://www.newegg.com/adamant-custom-gaming-desktop-geforce-rtx-4090-intel-core-i9-13900k-32gb-ddr5-2tb-pcie-ssd-6tb-hdd-black/p/3D5-002T-000V8,Adamant Custom,6749.99,,,Free Shipping
"Velztorm White Armix Custom Built Gaming Desktop PC (AMD Ryzen 9 7900X, GeForce RTX 5090, 32GB DDR5, 2TB PCIe SSD, RGB Fans, 240mm AIO, 1000W PSU, WiFi 6E, Bluetooth 5.2, 2 RJ-45, Win 11 Home)",https://www.newegg.com/p/3D5-000W-1APE4,Velztorm,5793.0,,,
"Velztorm White Armix Custom Built Gaming Desktop PC (AMD Ryzen 9 7900X, GeForce RTX 5090, 64GB DDR5, 2TB PCIe SSD + 6TB HDD, RGB Fans, 240mm AIO, 1000W PSU, WiFi 6E, Bluetooth 5.2, Win 11 Home)",https://www.newegg.com/p/3D5-000W-1APE3,Velztorm,7412.28,,,
"Velztorm White Armix Custom Built Gaming Desktop PC (AMD Ryzen 9 7900X, GeForce RTX 5090, 64GB DDR5, 2TB PCIe SSD + 6TB HDD, RGB Fans, 240mm AIO, 1000W PSU, WiFi 6E, Bluetooth 5.2, Win 11 Pro)",https://www.newegg.com/p/3D5-000W-1APE5,Velztorm,6239.25,,,
"Velztorm iCUE Certified White Armix Custom Built Gaming Desktop PC (AMD Ryzen 9 7900X, GeForce RTX 5090, 32GB DDR5, 2TB PCIe SSD, RGB Fans, 240mm AIO, 1000W PSU, WiFi 6E, Bluetooth 5.2, Win 11 Pro)",https://www.newegg.com/p/3D5-000W-1AY37,Velztorm,5749.25,,,
"Velztorm iCUE Certified White Armix Custom Built Gaming Desktop PC (AMD Ryzen 9 7900X, GeForce RTX 5090, 32GB DDR5, 1TB PCIe SSD, RGB Fans, 240mm AIO, 1000W PSU, WiFi 6E, Bluetooth 5.2, Win 11 Home)",https://www.newegg.com/p/3D5-000W-1AY53,Velztorm,5643.0,,,
"Velztorm iCUE Certified Aciex Custom Built Gaming Desktop PC (Intel i9-13900K, GeForce RTX 5090, 32GB DDR5, 1TB PCIe SSD + 2TB HDD, RGB Fans, 360mm AIO, 1000W PSU, WiFi 6, Bluetooth 5.2, Win 11 Home)",https://www.newegg.com/p/3D5-000W-1AVR9,Velztorm,7114.25,,,
"Velztorm Lux Lyte Custom Built Gaming Desktop PC (AMD Ryzen 9 - 5900X, GeForce RTX 5090, 32GB DDR4, 2TB PCIe SSD, 360mm AIO, 1000W PSU, WiFi 5, Bluetooth 5.0, RJ-45, 1 Display Port, HDMI, Win 11 Pro)",https://www.newegg.com/p/3D5-000W-1AWS6,Velztorm,5749.25,,,
"Velztorm Lux Lyte Custom Built Gaming Desktop PC (AMD Ryzen 9 - 5900X, GeForce RTX 5090, 32GB DDR4, 1TB PCIe SSD, 360mm AIO, 1000W PSU, WiFi 5, Bluetooth 5.0, RJ-45, 1 Display Port, HDMI, Win 11 Pro)",https://www.newegg.com/p/3D5-000W-1AWS4,Velztorm,5649.25,,,
"Velztorm Armix Custom Built Gaming Desktop PC (AMD Ryzen 9 7900X, GeForce RTX 5090, 32GB DDR5, 1TB PCIe SSD + 1TB HDD, RGB Fans, 240mm AIO, 1000W PSU, WiFi 6E, Bluetooth 5.3, RJ-45, Win 11 Home)",https://www.newegg.com/p/3D5-000W-1ASB2,Velztorm,5743.0,,,
"Velztorm Lux Lyte Custom Built Gaming Desktop PC (AMD Ryzen 9 - 5900X, GeForce RTX 5090, 16GB DDR4, 1TB PCIe SSD + 2TB HDD, 360mm AIO, 1000W PSU, WiFi 5, Bluetooth 5.0, RJ-45, Win 11 Home)",https://www.newegg.com/p/3D5-000W-1AG65,Velztorm,5272.5,,,
"Velztorm Lux Lyte Custom Built Gaming Desktop PC (AMD Ryzen 9 - 5900X, GeForce RTX 5090, 32GB DDR4, 1TB PCIe SSD, 360mm AIO, 1000W PSU, WiFi 5, Bluetooth 5.0, RJ-45, 1 Display Port, HDMI, Win 11 Home)",https://www.newegg.com/p/3D5-000W-1AWS3,Velztorm,5643.0,,,
"Velztorm Armix Custom Built Gaming Desktop PC (AMD Ryzen 9 7900X, GeForce RTX 5090, 32GB DDR5, 1TB PCIe SSD + 1TB HDD, RGB Fans, 240mm AIO, 1000W PSU, WiFi 6E, Bluetooth 5.3, RJ-45, Win 11 Pro)",https://www.newegg.com/p/3D5-000W-1ASA5,Velztorm,5749.25,,,
"Velztorm Armix Custom Built Gaming Desktop PC (AMD Ryzen 9 7900X, GeForce RTX 5090, 32GB DDR5, 1TB PCIe SSD + 2TB HDD, RGB Fans, 240mm AIO, 1000W PSU, WiFi 6E, Bluetooth 5.3, RJ-45, Win 11 Pro)",https://www.newegg.com/p/3D5-000W-1ASA9,Velztorm,5791.25,,,
"Velztorm iCUE Certified White Armix Custom Built Gaming Desktop PC (AMD Ryzen 9 7900X, GeForce RTX 5090, 32GB DDR5, 1TB PCIe SSD, RGB Fans, 240mm AIO, 1000W PSU, WiFi 6E, Bluetooth 5.2, Win 11 Pro)",https://www.newegg.com/p/3D5-000W-1AY57,Velztorm,5649.25,,,
"Velztorm Praetix Liquid Cooled Gaming Desktop PC (GeForce RTX 5090 32GB GDDR7, Intel i9-14900K upto 6.0GHz, 64GB DDR5, 2TB PCIe NVMe SSD+6TB HDD, 6 RGB Fans, 360mm AIO, 1000W PSU, WiFi 6, Win 11 Pro)",https://www.newegg.com/p/3D5-000W-1ADG2,Velztorm,7621.9,,,
"Velztorm iCUE Certified White Armix Custom Built Gaming Desktop PC (AMD Ryzen 9 7900X, GeForce RTX 5090, 32GB DDR5, 2TB PCIe SSD + 2TB HDD, RGB Fans, 240mm AIO, 1000W PSU, WiFi 6E, Win 11 Pro)",https://www.newegg.com/p/3D5-000W-1AY52,Velztorm,5841.25,,,
"Velztorm iCUE Certified White Armix Custom Built Gaming Desktop PC (AMD Ryzen 9 7900X, GeForce RTX 5090, 32GB DDR5, 2TB PCIe SSD, RGB Fans, 240mm AIO, 1000W PSU, WiFi 6E, Bluetooth 5.2, Win 11 Home)",https://www.newegg.com/p/3D5-000W-1AY56,Velztorm,5743.0,,,
"Velztorm Armix Custom Built Gaming Desktop PC (AMD Ryzen 9 7900X, GeForce RTX 5090, 32GB DDR5, 1TB PCIe SSD + 2TB HDD, RGB Fans, 240mm AIO, 1000W PSU, WiFi 6E, Bluetooth 5.3, RJ-45, Win 11 Home)",https://www.newegg.com/p/3D5-000W-1ASB6,Velztorm,6936.48,,,
"Velztorm White Aciex Custom Built Gaming Desktop PC (Intel i9-14900K, GeForce RTX 5090, 64GB DDR5, 2TB PCIe SSD + 6TB HDD, RGB Fans, 360mm AIO, 1000W PSU, WiFi 6, Bluetooth 5.2, RJ-45, Win 11 Pro)",https://www.newegg.com/p/3D5-000W-1ADF5,Velztorm,7693.4,,,
"Velztorm Armix Custom Built Gaming Desktop PC (AMD Ryzen 9 7900X, GeForce RTX 5090, 32GB DDR5, 2TB PCIe SSD, RGB Fans, 240mm AIO, 1000W PSU, WiFi 6E, Bluetooth 5.3, RJ-45, 1 Display Port, Win 11 Pro)",https://www.newegg.com/p/3D5-000W-1ASB3,Velztorm,5799.25,,,
"Velztorm Armix Custom Built Gaming Desktop PC (AMD Ryzen 9 7900X, GeForce RTX 5090, 32GB DDR5, 2TB PCIe SSD + 2TB HDD, RGB Fans, 240mm AIO, 1000W PSU, WiFi 6E, Bluetooth 5.3, RJ-45, Win 11 Pro)",https://www.newegg.com/p/3D5-000W-1ASA4,Velztorm,5891.25,,,
"Velztorm Septex Custom Built Gaming Desktop PC (AMD Ryzen 7 7700X, GeForce RTX 5090, 32GB DDR5, 2TB PCIe SSD + 2TB HDD, RGB Fans, 360mm AIO, 1000W PSU, WiFi 6E, Bluetooth 5.2, RJ-45, Win 11 Pro)",https://www.newegg.com/p/3D5-000W-1AX18,Velztorm,5791.25,,,
"Velztorm Septex Custom Built Gaming Desktop PC (AMD Ryzen 7 7700X, GeForce RTX 5090, 64GB DDR5, 1TB PCIe SSD, RGB Fans, 360mm AIO, 1000W PSU, WiFi 6E, Bluetooth 5.2, RJ-45, 1 Display Port, Win 11 Pro)",https://www.newegg.com/p/3D5-000W-1AX16,Velztorm,7046.33,,,
"Velztorm Armix Custom Built Gaming Desktop PC (AMD Ryzen 9 7900X, GeForce RTX 5090, 32GB DDR5, 2TB PCIe SSD, RGB Fans, 240mm AIO, 1000W PSU, WiFi 6E, Bluetooth 5.3, RJ-45, 1 Display Port, Win 11 Home)",https://www.newegg.com/p/3D5-000W-1ASA3,Velztorm,5793.0,,,
"Velztorm Lux Lyte Custom Built Gaming Desktop PC (AMD Ryzen 9 - 5900X, GeForce RTX 5090, 32GB DDR4, 2TB PCIe SSD, 360mm AIO, 1000W PSU, WiFi 5, Bluetooth 5.0, RJ-45, 1 Display Port, HDMI, Win 11 Home)",https://www.newegg.com/p/3D5-000W-1AWS8,Velztorm,5743.0,,,
"Velztorm Armix Custom Built Gaming Desktop PC (AMD Ryzen 9 7900X, GeForce RTX 5090, 32GB DDR5, 2TB PCIe SSD + 2TB HDD, RGB Fans, 240mm AIO, 1000W PSU, WiFi 6E, Bluetooth 5.3, RJ-45, Win 11 Home)",https://www.newegg.com/p/3D5-000W-1ASB1,Velztorm,5885.0,,,
"Velztorm iCUE Certified White Armix Custom Built Gaming Desktop PC (AMD Ryzen 9 7900X, GeForce RTX 5090, 32GB DDR5, 2TB PCIe SSD + 2TB HDD, RGB Fans, 240mm AIO, 1000W PSU, WiFi 6E, Win 11 Home)",https://www.newegg.com/p/3D5-000W-1AY60,Velztorm,5835.0,,,
MSI MAG PANO M100R - AMD Ryzen 9-9900X 12 core 4.4GHz - Geforce RTX 5090 - 2TB NVMe SSD - 128GB DDR5(4X32GB) - 1200W - Windows 11 Liquid Cooled Gaming Desktop PC WiFi RGB,https://www.newegg.com/msi-gaming-desktop-pcs-geforce-rtx-5090-amd-ryzen-9-9900x-128gb-ddr5-2-tb-ssd-black/p/3D5-0073-00366,ArsenalPC,6420.0,,,Free Shipping
"Velztorm Altix Custom Built Gaming Desktop PC (AMD Ryzen 7 9700X, GeForce RTX 5090, 32GB DDR5, 2TB PCIe SSD, RGB Fans, 240mm AIO, 1000W PSU, WiFi 6E, Bluetooth 5.2, RJ-45, 1 Display Port, Win 11 Home)",https://www.newegg.com/p/3D5-000W-1ADG0,Velztorm,5643.0,,,
"Velztorm Septex Custom Built Gaming Desktop PC (AMD Ryzen 7 7700X, GeForce RTX 5090, 64GB DDR5, 1TB PCIe SSD, RGB Fans, 360mm AIO, 1000W PSU, WiFi 6E, Bluetooth 5.2, RJ-45, Win 11 Home)",https://www.newegg.com/p/3D5-000W-1AX17,Velztorm,7031.7,,,
"Velztorm Septex Custom Built Gaming Desktop PC (AMD Ryzen 7 7700X, GeForce RTX 5090, 32GB DDR5, 2TB PCIe SSD + 2TB HDD, RGB Fans, 360mm AIO, 1000W PSU, WiFi 6E, Bluetooth 5.2, RJ-45, Win 11 Home)",https://www.newegg.com/p/3D5-000W-1AX14,Velztorm,5785.0,,,
"Velztorm Armix Custom Built Gaming Desktop PC (AMD Ryzen 9 7900X, GeForce RTX 5090, 32GB DDR5, 2TB PCIe SSD + 1TB HDD, RGB Fans, 240mm AIO, 1000W PSU, WiFi 6E, Bluetooth 5.3, RJ-45, Win 11 Pro)",https://www.newegg.com/p/3D5-000W-1ASB7,Velztorm,5849.25,,,
"Velztorm Septex Custom Built Gaming Desktop PC (AMD Ryzen 7 7700X, GeForce RTX 5090, 64GB DDR5, 2TB PCIe SSD, RGB Fans, 360mm AIO, 1000W PSU, WiFi 6E, Bluetooth 5.2, RJ-45, Win 11 Home)",https://www.newegg.com/p/3D5-000W-1AX21,Velztorm,7184.78,,,
"Velztorm Septex Custom Built Gaming Desktop PC (AMD Ryzen 7 7700X, GeForce RTX 5090, 32GB DDR5, 2TB PCIe SSD, RGB Fans, 360mm AIO, 1000W PSU, WiFi 6E, Bluetooth 5.2, RJ-45, Win 11 Home)",https://www.newegg.com/p/3D5-000W-1AX03,Velztorm,5693.0,,,
"Velztorm Septex Custom Built Gaming Desktop PC (AMD Ryzen 7 7700X, GeForce RTX 5090, 64GB DDR5, 2TB PCIe SSD, RGB Fans, 360mm AIO, 1000W PSU, WiFi 6E, Bluetooth 5.2, RJ-45, 1 Display Port, Win 11 Pro)",https://www.newegg.com/p/3D5-000W-1AX20,Velztorm,7199.4,,,
ArsenalPC ASUS TUF GT302 - AMD Ryzen 7-9700X 8 core 3.8GHz - GeForce RTX 5090 - 2TB HDD + 2TB NVMe SSD - 64GB DDR5(2X32GB) - 1200W - Windows 11 Liquid Cooled Gaming PC,https://www.newegg.com/asus-gaming-desktop-pcs-geforce-rtx-5090-amd-ryzen-7-9700x-64gb-ddr5-2-tb-ssd-2tb-hdd-black/p/3D5-0073-00A05,ArsenalPC,5984.0,,,Free Shipping
CoolerMaster HAF 700 - Intel Core i7-14700KF 20 core 3.4GHz - Geforce RTX 5090 - 2TB HDD + 2TB NVMe SSD - 32GB DDR5(2X16GB) - 1200W - Windows 11 Liquid Cooled Gaming Desktop PC WiFi RGB,https://www.newegg.com/asus-gaming-desktop-pcs-geforce-rtx-5090-intel-core-i7-14700kf-32gb-ddr5-2-tb-ssd-2tb-hdd-black/p/3D5-0073-001X2,ArsenalPC,6006.0,,,Free Shipping
ArsenalPC ASUS TUF GT302 - AMD Ryzen 7-9800X3D 16 core 4.7GHz - GeForce RTX 5090 - 2TB HDD + 2TB NVMe SSD - 64GB DDR5(2X32GB) - 1200W - Windows 11 Liquid Cooled Gaming PC,https://www.newegg.com/asus-gaming-desktop-pcs-geforce-rtx-5090-amd-ryzen-7-9800x3d-64gb-ddr5-2-tb-ssd-2tb-hdd-black/p/3D5-0073-00A20,ArsenalPC,6226.0,,,Free Shipping
ArsenalPC MSI GUNGNIR 110R - AMD Ryzen 9-9900X3D 12 core 4.4GHz - GeForce RTX 5090 - 2TB HDD + 2TB NVMe SSD - 64GB DDR5(2X32GB) - 1200W - Windows 11 Liquid Cooled Gaming PC,https://www.newegg.com/msi-gaming-desktop-pcs-geforce-rtx-5090-amd-ryzen-9-9900x3d-64gb-ddr5-2-tb-ssd-2tb-hdd-black/p/3D5-0073-003K1,ArsenalPC,6204.0,,,Free Shipping
ArsenalPC MSI MAG PANO 120R PZ - Intel Core Ultra 7-265KF 20 core 5.4GHz - GeForce RTX 5090 - 2TB HDD + 2TB NVMe SSD - 128GB DDR5(4X32GB) - 1200W - Windows 11 Liquid Cooled Gaming PC,https://www.newegg.com/msi-gaming-desktop-pcs-geforce-rtx-5090-intel-core-ultra-7-265kf-128gb-ddr5-2-tb-ssd-2tb-hdd-black/p/3D5-0073-00472,ArsenalPC,6620.0,,,Free Shipping
ArsenalPC CoolerMaster TD500 Mesh - Intel Core Ultra 9-285K 24 core 5.7GHz - Geforce RTX 5090 - 2TB HDD + 4TB NVMe SSD - 128GB DDR5(4X32GB) - 1200W - Windows 11 Liquid Cooled Gaming PC,https://www.newegg.com/asus-gaming-desktop-pcs-geforce-rtx-5090-intel-core-ultra-9-285k-128gb-ddr5-4-tb-ssd-2tb-hdd-white/p/3D5-0073-000C4,ArsenalPC,6960.0,,,Free Shipping
"Velztorm Armix Custom Built Gaming Desktop PC (AMD Ryzen 9 7900X, GeForce RTX 5090, 32GB DDR5, 1TB PCIe SSD, RGB Fans, 240mm AIO, 1000W PSU, WiFi 6E, Bluetooth 5.3, RJ-45, 1 Display Port, Win 11 Home)",https://www.newegg.com/p/3D5-000W-1ASA8,Velztorm,5693.0,,,
"Velztorm Praetix 3D Desktop PC (AMD Ryzen 7 9800X3D, GeForce RTX 5090, 64GB DDR5, 2TB PCIe SSD + 6TB HDD, RGB Fans, 360mm AIO, 1000W PSU, WiFi 7, Bluetooth 5.4, RJ-45, HDMI, Win 11 Pro)",https://www.newegg.com/p/3D5-000W-1ADE6,Velztorm,7751.9,,,
ArsenalPC ASUS TUF GT302 - AMD Ryzen 9-9900X 12 core 4.4GHz - GeForce RTX 5090 - 2TB HDD + 4TB NVMe SSD - 64GB DDR5(2X32GB) - 1200W - Windows 11 Liquid Cooled Gaming PC,https://www.newegg.com/asus-gaming-desktop-pcs-geforce-rtx-5090-amd-ryzen-9-9900x-64gb-ddr5-4-tb-ssd-2tb-hdd-black/p/3D5-0073-00A53,ArsenalPC,6226.0,,,Free Shipping
ArsenalPC ASUS TUF GT302 - AMD Ryzen 9-9950X 16 core 4.3GHz - GeForce RTX 5090 - 2TB HDD + 2TB NVMe SSD - 64GB DDR5(2X32GB) - 1200W - Windows 11 Liquid Cooled Gaming PC,https://www.newegg.com/asus-gaming-desktop-pcs-geforce-rtx-5090-amd-ryzen-9-9950x-64gb-ddr5-2-tb-ssd-2tb-hdd-black/p/3D5-0073-00A31,ArsenalPC,6336.0,,,Free Shipping
CoolerMaster HAF 700 - AMD Ryzen 7-9700X 8 core 3.8GHz - Geforce RTX 5090 - 2TB HDD + 2TB NVMe SSD - 64GB DDR5(2X32GB) - 1200W - Windows 11 Liquid Cooled Gaming Desktop PC WiFi RGB,https://www.newegg.com/asus-gaming-desktop-pcs-geforce-rtx-5090-amd-ryzen-7-9700x-64gb-ddr5-2-tb-ssd-2tb-hdd-black/p/3D5-0073-002Y5,ArsenalPC,6204.0,,,Free Shipping
ArsenalPC ASUS TUF GT302 - AMD Ryzen 7-9800X3D 16 core 4.7GHz - GeForce RTX 5090 - 2TB HDD + 4TB NVMe SSD - 64GB DDR5(2X32GB) - 1200W - Windows 11 Liquid Cooled Gaming PC,https://www.newegg.com/asus-gaming-desktop-pcs-geforce-rtx-5090-amd-ryzen-7-9800x3d-64gb-ddr5-4-tb-ssd-2tb-hdd-black/p/3D5-0073-00A24,ArsenalPC,6160.0,,,Free Shipping
"Velztorm Armix Custom Built Gaming Desktop PC (AMD Ryzen 9 7900X, GeForce RTX 5090, 32GB DDR5, 2TB PCIe SSD + 1TB HDD, RGB Fans, 240mm AIO, 1000W PSU, WiFi 6E, Bluetooth 5.3, RJ-45, Win 11 Home)",https://www.newegg.com/p/3D5-000W-1ASA7,Velztorm,5843.0,,,
ArsenalPC ASUS TUF GT302 - AMD Ryzen 9-9900X 12 core 4.4GHz - GeForce RTX 5090 - 2TB HDD + 2TB NVMe SSD - 64GB DDR5(2X32GB) - 1200W - Windows 11 Liquid Cooled Gaming PC,https://www.newegg.com/asus-gaming-desktop-pcs-geforce-rtx-5090-amd-ryzen-9-9900x-64gb-ddr5-2-tb-ssd-2tb-hdd-black/p/3D5-0073-00A49,ArsenalPC,6072.0,,,Free Shipping
ArsenalPC ASUS TUF GT302 - AMD Ryzen 9-9900X 12 core 4.4GHz - GeForce RTX 5090 - 2TB HDD + 2TB NVMe SSD - 128GB DDR5(4X32GB) - 1200W - Windows 11 Liquid Cooled Gaming PC,https://www.newegg.com/asus-gaming-desktop-pcs-geforce-rtx-5090-amd-ryzen-9-9900x-128gb-ddr5-2-tb-ssd-2tb-hdd-black/p/3D5-0073-00A40,ArsenalPC,6468.0,,,Free Shipping
ArsenalPC ASUS TUF GT302 - Intel Core Ultra 7-265KF 20 core 5.4GHz - GeForce RTX 5090 - 2TB HDD + 2TB NVMe SSD - 128GB DDR5(4X32GB) - 1200W - Windows 11 Liquid Cooled Gaming PC,https://www.newegg.com/asus-gaming-desktop-pcs-geforce-rtx-5090-intel-core-ultra-7-265kf-128gb-ddr5-2-tb-ssd-2tb-hdd-black/p/3D5-0073-009T6,ArsenalPC,6540.0,,,Free Shipping
ArsenalPC ASUS TUF GT302 - AMD Ryzen 9-9950X 16 core 4.3GHz - GeForce RTX 5090 - 2TB HDD + 4TB NVMe SSD - 64GB DDR5(2X32GB) - 1200W - Windows 11 Liquid Cooled Gaming PC,https://www.newegg.com/asus-gaming-desktop-pcs-geforce-rtx-5090-amd-ryzen-9-9950x-64gb-ddr5-4-tb-ssd-2tb-hdd-black/p/3D5-0073-00A36,ArsenalPC,6490.0,,,Free Shipping
ArsenalPC MSI MAG PANO 120R PZ - AMD Ryzen 9-9950X3D 16 core 4.3GHz - GeForce RTX 5090 - 2TB HDD + 4TB NVMe SSD - 128GB DDR5(4X32GB) - 1200W - Windows 11 Liquid Cooled Gaming PC,https://www.newegg.com/msi-gaming-desktop-pcs-geforce-rtx-5090-amd-ryzen-9-9950x3d-128gb-ddr5-4-tb-ssd-2tb-hdd-black/p/3D5-0073-004K9,ArsenalPC,7280.0,,,Free Shipping
CoolerMaster HAF 700 - AMD Ryzen 9-9900X 12 core 4.4GHz - Geforce RTX 5090 - 2TB HDD + 2TB NVMe SSD - 64GB DDR5(2X32GB) - 1200W - Windows 11 Liquid Cooled Gaming Desktop PC WiFi RGB,https://www.newegg.com/asus-gaming-desktop-pcs-geforce-rtx-5090-amd-ryzen-9-9900x-64gb-ddr5-2-tb-ssd-2tb-hdd-black/p/3D5-0073-002V5,ArsenalPC,6292.0,,,Free Shipping
CoolerMaster HAF 700 - Intel Core Ultra 7-265KF 20 core 5.4GHz - Geforce RTX 5090 - 2TB HDD + 4TB NVMe SSD - 128GB DDR5(4X32GB) - 1200W - Windows 11 Liquid Cooled Gaming Desktop PC WiFi RGB,https://www.newegg.com/asus-gaming-desktop-pcs-geforce-rtx-5090-intel-core-ultra-7-265kf-128gb-ddr5-4-tb-ssd-2tb-hdd-black/p/3D5-0073-00213,ArsenalPC,6920.0,,,Free Shipping
ArsenalPC ASUS TUF GT302 - AMD Ryzen 7-9700X 8 core 3.8GHz - GeForce RTX 5090 - 2TB HDD + 4TB NVMe SSD - 64GB DDR5(2X32GB) - 1200W - Windows 11 Liquid Cooled Gaming PC,https://www.newegg.com/asus-gaming-desktop-pcs-geforce-rtx-5090-amd-ryzen-7-9700x-64gb-ddr5-4-tb-ssd-2tb-hdd-black/p/3D5-0073-00A08,ArsenalPC,6138.0,,,Free Shipping
ArsenalPC ASUS TUF GT302 - AMD Ryzen 7-9800X3D 16 core 4.7GHz - GeForce RTX 5090 - 2TB HDD + 2TB NVMe SSD - 128GB DDR5(4X32GB) - 1200W - Windows 11 Liquid Cooled Gaming PC,https://www.newegg.com/asus-gaming-desktop-pcs-geforce-rtx-5090-amd-ryzen-7-9800x3d-128gb-ddr5-2-tb-ssd-2tb-hdd-black/p/3D5-0073-00A12,ArsenalPC,6622.0,,,Free Shipping
ArsenalPC ASUS TUF GT302 - AMD Ryzen 7-9700X 8 core 3.8GHz - GeForce RTX 5090 - 2TB HDD + 2TB NVMe SSD - 128GB DDR5(4X32GB) - 1200W - Windows 11 Liquid Cooled Gaming PC,https://www.newegg.com/asus-gaming-desktop-pcs-geforce-rtx-5090-amd-ryzen-7-9700x-128gb-ddr5-2-tb-ssd-2tb-hdd-black/p/3D5-0073-009Z7,ArsenalPC,6380.0,,,Free Shipping
ArsenalPC ASUS TUF GT302 - AMD Ryzen 7-9700X 8 core 3.8GHz - GeForce RTX 5090 - 2TB HDD + 4TB NVMe SSD - 128GB DDR5(4X32GB) - 1200W - Windows 11 Liquid Cooled Gaming PC,https://www.newegg.com/asus-gaming-desktop-pcs-geforce-rtx-5090-amd-ryzen-7-9700x-128gb-ddr5-4-tb-ssd-2tb-hdd-black/p/3D5-0073-00A01,ArsenalPC,6740.0,,,Free Shipping
ArsenalPC ASUS TUF GT302 - AMD Ryzen 9-9900X 12 core 4.4GHz - GeForce RTX 5090 - 2TB HDD + 4TB NVMe SSD - 128GB DDR5(4X32GB) - 1200W - Windows 11 Liquid Cooled Gaming PC,https://www.newegg.com/asus-gaming-desktop-pcs-geforce-rtx-5090-amd-ryzen-9-9900x-128gb-ddr5-4-tb-ssd-2tb-hdd-black/p/3D5-0073-00A44,ArsenalPC,6840.0,,,Free Shipping
"Acer Predator Helios 16"" AI Gaming Laptop  Intel Core Ultra 9 processor 275HX (13 NPU TOPS) - 2560 x 1600 display @ 240Hz - NVIDIA GeForce RTX 5090 Laptop GPU (1824 AI TOPS) - 32GB RAM - 2TB SSD",https://www.newegg.com/acer-america-16-0-geforce-rtx-5090-laptop-gpu-wqxga-32gb-memory-2-tb-pcie-ssd/p/2WC-000K-03J28,Acer America,3997.0,,,Free Shipping
"Velztorm iCUE Certified White Armix Custom Built Gaming Desktop PC (AMD Ryzen 9 7900X, GeForce RTX 5090, 64GB DDR5, 2TB PCIe SSD, RGB Fans, 240mm AIO, 1000W PSU, WiFi 6E, Bluetooth 5.2, Win 11 Pro)",https://www.newegg.com/p/3D5-000W-1AY51,Velztorm,7242.95,,,
"Velztorm iCUE Certified Aciex Custom Built Gaming Desktop PC (Intel i9-13900K, GeForce RTX 5090, 64GB DDR5, 1TB PCIe SSD, RGB Fans, 360mm AIO, 1000W PSU, WiFi 6, Bluetooth 5.2, RJ-45, Win 11 Pro)",https://www.newegg.com/p/3D5-000W-1AVT0,Velztorm,7349.88,,,
"Velztorm iCUE Certified Aciex Custom Built Gaming Desktop PC (Intel i9-13900K, GeForce RTX 5090, 32GB DDR5, 2TB PCIe SSD + 2TB HDD, RGB Fans, 360mm AIO, 1000W PSU, WiFi 6, Bluetooth 5.2, Win 11 Pro)",https://www.newegg.com/p/3D5-000W-1AVT1,Velztorm,6041.25,,,
"Velztorm Lux Gaming Desktop PC (AMD Ryzen 9 5950X, GeForce RTX 5090, 32GB DDR4, 2TB PCIe SSD, 360mm AIO, 1000W PSU, RJ-45, 1 Display Port, HDMI, Win 11 Pro)",https://www.newegg.com/p/3D5-000W-1AR00,Velztorm,6249.25,,,
"Velztorm Lux Gaming Desktop PC (AMD Ryzen 9 5950X, GeForce RTX 5090, 32GB DDR4, 2TB PCIe SSD, 360mm AIO, 1000W PSU, RJ-45, 1 Display Port, HDMI, Win 11 Home)",https://www.newegg.com/p/3D5-000W-1AR09,Velztorm,6243.0,,,
"Velztorm iCUE Certified Aciex Custom Built Gaming Desktop PC (Intel i9-13900K, GeForce RTX 5090, 64GB DDR5, 1TB PCIe SSD + 2TB HDD, RGB Fans, 360mm AIO, 1000W PSU, WiFi 6, Bluetooth 5.2, Win 11 Home)",https://www.newegg.com/p/3D5-000W-1AVS9,Velztorm,7406.1,,,
"Velztorm iCUE Certified Aciex Custom Built Gaming Desktop PC (Intel i9-13900K, GeForce RTX 5090, 64GB DDR5, 2TB PCIe SSD, RGB Fans, 360mm AIO, 1000W PSU, WiFi 6, Bluetooth 5.2, RJ-45, Win 11 Pro)",https://www.newegg.com/p/3D5-000W-1AVU2,Velztorm,7502.95,,,
"Velztorm iCUE Certified White Armix Custom Built Gaming Desktop PC (AMD Ryzen 9 7900X, GeForce RTX 5090, 64GB DDR5, 2TB PCIe SSD + 6TB HDD, RGB Fans, 240mm AIO, 1000W PSU, WiFi 6E, Win 11 Pro)",https://www.newegg.com/p/3D5-000W-1AY59,Velztorm,7340.45,,,
"Velztorm White Aciex 3D Custom Built Gaming Desktop PC (AMD Ryzen 7 7800X3D, GeForce RTX 5090, 32GB DDR5, 2TB PCIe SSD, RGB Fans, 360mm AIO, 1000W PSU, WiFi 6E, Bluetooth 5.2, 2 RJ-45, Win 11 Home)",https://www.newegg.com/p/3D5-000W-1ADH6,Velztorm,6043.0,,,Free Shipping
"Velztorm Armix Custom Built Gaming Desktop PC (AMD Ryzen 9 7900X, GeForce RTX 5090, 64GB DDR5, 2TB PCIe SSD + 1TB HDD, RGB Fans, 240mm AIO, 1000W PSU, WiFi 6E, Bluetooth 5.3, RJ-45, Win 11 Pro)",https://www.newegg.com/p/3D5-000W-1ASB9,Velztorm,7394.4,,,
"Velztorm iCUE Certified White Armix Custom Built Gaming Desktop PC (AMD Ryzen 9 7900X, GeForce RTX 5090, 64GB DDR5, 2TB PCIe SSD + 6TB HDD, RGB Fans, 240mm AIO, 1000W PSU, WiFi 6E, Win 11 Home)",https://www.newegg.com/p/3D5-000W-1AY58,Velztorm,7325.83,,,
"Velztorm Aciex 3D Custom Built Gaming Desktop PC (AMD Ryzen 7 7800X3D, GeForce RTX 5090, 64GB DDR5, 2TB PCIe SSD + 6TB HDD, 360mm AIO, 1000W PSU, WiFi 6E, Bluetooth 5.2, RJ-45, Win 11 Pro)",https://www.newegg.com/p/3D5-000W-1ADH2,Velztorm,7751.9,,,Free Shipping
"Velztorm iCUE Certified White Armix Custom Built Gaming Desktop PC (AMD Ryzen 9 7900X, GeForce RTX 5090, 64GB DDR5, 2TB PCIe SSD + 2TB HDD, RGB Fans, 240mm AIO, 1000W PSU, WiFi 6E, Win 11 Pro)",https://www.newegg.com/p/3D5-000W-1AY55,Velztorm,7313.8,,,
"Velztorm Armix Custom Built Gaming Desktop PC (AMD Ryzen 9 7900X, GeForce RTX 5090, 64GB DDR5, 2TB PCIe SSD + 1TB HDD, RGB Fans, 240mm AIO, 1000W PSU, WiFi 6E, Bluetooth 5.3, RJ-45, Win 11 Home)",https://www.newegg.com/p/3D5-000W-1ASA6,Velztorm,7379.78,,,
"Velztorm Armix Custom Built Gaming Desktop PC (AMD Ryzen 9 7900X, GeForce RTX 5090, 64GB DDR5, 2TB PCIe SSD, RGB Fans, 240mm AIO, 1000W PSU, WiFi 6E, Bluetooth 5.3, RJ-45, 1 Display Port, Win 11 Pro)",https://www.newegg.com/p/3D5-000W-1ASB8,Velztorm,7329.4,,,
"Velztorm Septex Custom Built Gaming Desktop PC (AMD Ryzen 7 7700X, GeForce RTX 5090, 64GB DDR5, 2TB PCIe SSD + 6TB HDD, RGB Fans, 360mm AIO, 1000W PSU, WiFi 6E, Bluetooth 5.2, RJ-45, Win 11 Pro)",https://www.newegg.com/p/3D5-000W-1AX22,Velztorm,7296.9,,,
"Velztorm Armix Custom Built Gaming Desktop PC (AMD Ryzen 9 7900X, GeForce RTX 5090, 64GB DDR5, 2TB PCIe SSD + 2TB HDD, RGB Fans, 240mm AIO, 1000W PSU, WiFi 6E, Bluetooth 5.3, RJ-45, Win 11 Pro)",https://www.newegg.com/p/3D5-000W-1ASC0,Velztorm,7400.25,,,
"Velztorm iCUE Certified White Armix Custom Built Gaming Desktop PC (AMD Ryzen 9 7900X, GeForce RTX 5090, 64GB DDR5, 2TB PCIe SSD, RGB Fans, 240mm AIO, 1000W PSU, WiFi 6E, Bluetooth 5.2, Win 11 Home)",https://www.newegg.com/p/3D5-000W-1AY61,Velztorm,7228.33,,,
"Velztorm iCUE Certified White Armix Custom Built Gaming Desktop PC (AMD Ryzen 9 7900X, GeForce RTX 5090, 64GB DDR5, 8TB PCIe SSD, RGB Fans, 240mm AIO, 1000W PSU, WiFi 6E, Bluetooth 5.2, Win 11 Pro)",https://www.newegg.com/p/3D5-000W-1AY63,Velztorm,6569.25,,,
"Velztorm Lux Lyte Custom Built Gaming Desktop PC (AMD Ryzen 9 - 5900X, GeForce RTX 5090, 64GB DDR4, 2TB PCIe SSD, 360mm AIO, 1000W PSU, WiFi 5, Bluetooth 5.0, RJ-45, 1 Display Port, HDMI, Win 11 Home)",https://www.newegg.com/p/3D5-000W-1AWS2,Velztorm,7138.63,,,
"Velztorm Aciex Liquid Cooled Gaming Desktop PC (GeForce RTX 5090 32GB GDDR7, Intel i9-14900K upto 6.0GHz, 64GB DDR5, 2TB PCIe NVMe SSD+6TB HDD, 360mm AIO, 1000W PSU, WiFi 6, Bluetooth 5.2, Win 11 Pro)",https://www.newegg.com/p/3D5-000W-1ADH8,Velztorm,8596.9,,,
"Velztorm iCUE Certified Aciex Custom Built Gaming Desktop PC (Intel i9-13900K, GeForce RTX 5090, 64GB DDR5, 4TB PCIe SSD, RGB Fans, 360mm AIO, 1000W PSU, WiFi 6, Bluetooth 5.2, RJ-45, Win 11 Pro)",https://www.newegg.com/p/3D5-000W-1AVS2,Velztorm,7706.73,,,
"Velztorm iCUE Certified White Armix Custom Built Gaming Desktop PC (AMD Ryzen 9 7900X, GeForce RTX 5090, 64GB DDR5, 2TB PCIe SSD + 2TB HDD, RGB Fans, 240mm AIO, 1000W PSU, WiFi 6E, Win 11 Home)",https://www.newegg.com/p/3D5-000W-1AY54,Velztorm,7299.18,,,
"Velztorm Septex Custom Built Gaming Desktop PC (AMD Ryzen 7 7700X, GeForce RTX 5090, 64GB DDR5, 8TB PCIe SSD, RGB Fans, 360mm AIO, 1000W PSU, WiFi 6E, Bluetooth 5.2, RJ-45, 1 Display Port, Win 11 Pro)",https://www.newegg.com/p/3D5-000W-1AX23,Velztorm,6519.25,,,
"Velztorm Armix Custom Built Gaming Desktop PC (AMD Ryzen 9 7900X, GeForce RTX 5090, 64GB DDR5, 2TB PCIe SSD + 2TB HDD, RGB Fans, 240mm AIO, 1000W PSU, WiFi 6E, Bluetooth 5.3, RJ-45, Win 11 Home)",https://www.newegg.com/p/3D5-000W-1ASB0,Velztorm,7385.63,,,
"Velztorm Lux Lyte Custom Built Gaming Desktop PC (AMD Ryzen 9 - 5900X, GeForce RTX 5090, 64GB DDR4, 2TB PCIe SSD + 6TB HDD, 360mm AIO, 1000W PSU, WiFi 5, Bluetooth 5.0, RJ-45, Win 11 Pro)",https://www.newegg.com/p/3D5-000W-1AWS1,Velztorm,7250.75,,,
"Velztorm Septex Custom Built Gaming Desktop PC (AMD Ryzen 7 7700X, GeForce RTX 5090, 64GB DDR5, 8TB PCIe SSD, RGB Fans, 360mm AIO, 1000W PSU, WiFi 6E, Bluetooth 5.2, RJ-45, Win 11 Home)",https://www.newegg.com/p/3D5-000W-1AX19,Velztorm,6513.0,,,
"Velztorm Armix Custom Built Gaming Desktop PC (AMD Ryzen 9 7900X, GeForce RTX 5090, 64GB DDR5, 2TB PCIe SSD, RGB Fans, 240mm AIO, 1000W PSU, WiFi 6E, Bluetooth 5.3, RJ-45, 1 Display Port, Win 11 Home)",https://www.newegg.com/p/3D5-000W-1ASB5,Velztorm,7314.78,,,
"Velztorm iCUE Certified Aciex Custom Built Gaming Desktop PC (Intel i9-13900K, GeForce RTX 5090, 64GB DDR5, 2TB PCIe SSD + 6TB HDD, RGB Fans, 360mm AIO, 1000W PSU, WiFi 6, Bluetooth 5.2, Win 11 Home)",https://www.newegg.com/p/3D5-000W-1AVU1,Velztorm,7585.83,,,
"Velztorm Lux Lyte Custom Built Gaming Desktop PC (AMD Ryzen 9 - 5900X, GeForce RTX 5090, 64GB DDR4, 2TB PCIe SSD + 6TB HDD, 360mm AIO, 1000W PSU, WiFi 5, Bluetooth 5.0, RJ-45, Win 11 Home)",https://www.newegg.com/p/3D5-000W-1AWS7,Velztorm,7236.13,,,
"Velztorm Armix Custom Built Gaming Desktop PC (AMD Ryzen 9 7900X, GeForce RTX 5090, 64GB DDR5, 8TB PCIe SSD, RGB Fans, 240mm AIO, 1000W PSU, WiFi 6E, Bluetooth 5.3, RJ-45, 1 Display Port, Win 11 Pro)",https://www.newegg.com/p/3D5-000W-1ASC1,Velztorm,6619.25,,,
"Velztorm Lux Gaming Desktop PC (AMD Ryzen 9 5950X, GeForce RTX 5090, 64GB DDR4, 2TB PCIe SSD + 6TB HDD, 360mm AIO, 1000W PSU, RJ-45, 1 Display Port, HDMI, Win 11 Pro)",https://www.newegg.com/p/3D5-000W-1AR07,Velztorm,7900.75,,,
"Velztorm Lux Lyte Custom Built Gaming Desktop PC (AMD Ryzen 9 - 5900X, GeForce RTX 5090, 64GB DDR4, 8TB PCIe SSD, 360mm AIO, 1000W PSU, WiFi 5, Bluetooth 5.0, RJ-45, 1 Display Port, HDMI, Win 11 Pro)",https://www.newegg.com/p/3D5-000W-1AWS5,Velztorm,6569.25,,,
"Velztorm Lux Lyte Custom Built Gaming Desktop PC (AMD Ryzen 9 - 5900X, GeForce RTX 5090, 64GB DDR4, 2TB PCIe SSD, 360mm AIO, 1000W PSU, WiFi 5, Bluetooth 5.0, RJ-45, 1 Display Port, HDMI, Win 11 Pro)",https://www.newegg.com/p/3D5-000W-1AWR1,Velztorm,7153.25,,,
"Velztorm Lux Lyte Custom Built Gaming Desktop PC (AMD Ryzen 9 - 5900X, GeForce RTX 5090, 64GB DDR4, 8TB PCIe SSD, 360mm AIO, 1000W PSU, WiFi 5, Bluetooth 5.0, RJ-45, 1 Display Port, HDMI, Win 11 Home)",https://www.newegg.com/p/3D5-000W-1AWS9,Velztorm,6563.0,,,
"Velztorm iCUE Certified White Armix Custom Built Gaming Desktop PC (AMD Ryzen 9 7900X, GeForce RTX 5090, 64GB DDR5, 8TB PCIe SSD, RGB Fans, 240mm AIO, 1000W PSU, WiFi 6E, Bluetooth 5.2, Win 11 Home)",https://www.newegg.com/p/3D5-000W-1AY62,Velztorm,6563.0,,,
"Velztorm iCUE Certified Aciex Custom Built Gaming Desktop PC (Intel i9-13900K, GeForce RTX 5090, 64GB DDR5, 4TB PCIe SSD + 6TB HDD, RGB Fans, 360mm AIO, 1000W PSU, WiFi 6, Bluetooth 5.2, Win 11 Pro)",https://www.newegg.com/p/3D5-000W-1AVS6,Velztorm,7804.23,,,
"Velztorm Lux Gaming Desktop PC (AMD Ryzen 9 5950X, GeForce RTX 5090, 64GB DDR4, 2TB PCIe SSD + 6TB HDD, 360mm AIO, 1000W PSU, RJ-45, 1 Display Port, HDMI, Win 11 Home)",https://www.newegg.com/p/3D5-000W-1AR08,Velztorm,7886.13,,,
ArsenalPC ASUS ROG GR701 - Intel Core Ultra 7-265KF 20 core 5.4GHz - GeForce RTX 5090 - 2TB HDD + 2TB NVMe SSD - 64GB DDR5(2X32GB) - 1200W - Windows 11 Liquid Cooled Gaming PC,https://www.newegg.com/asus-gaming-desktop-pcs-nvidia-geforce-rtx-5090-intel-core-ultra-7-265kf-64gb-ddr5-2-tb-ssd-2tb-hdd-black/p/3D5-0073-00876,ArsenalPC,6644.0,,,Free Shipping
"Velztorm Armix Custom Built Gaming Desktop PC (AMD Ryzen 9 7900X, GeForce RTX 5090, 64GB DDR5, 8TB PCIe SSD, RGB Fans, 240mm AIO, 1000W PSU, WiFi 6E, Bluetooth 5.3, RJ-45, 1 Display Port, Win 11 Home)",https://www.newegg.com/p/3D5-000W-1ASB4,Velztorm,6613.0,,,
"Velztorm Septex Custom Built Gaming Desktop PC (AMD Ryzen 7 7700X, GeForce RTX 5090, 64GB DDR5, 2TB PCIe SSD + 6TB HDD, RGB Fans, 360mm AIO, 1000W PSU, WiFi 6E, Bluetooth 5.2, RJ-45, Win 11 Home)",https://www.newegg.com/p/3D5-000W-1AX15,Velztorm,7282.28,,,
ArsenalPC ASUS TUF GT302 - AMD Ryzen 7-9800X3D 16 core 4.7GHz - GeForce RTX 5090 - 2TB HDD + 4TB NVMe SSD - 128GB DDR5(4X32GB) - 1200W - Windows 11 Liquid Cooled Gaming PC,https://www.newegg.com/asus-gaming-desktop-pcs-geforce-rtx-5090-amd-ryzen-7-9800x3d-128gb-ddr5-4-tb-ssd-2tb-hdd-black/p/3D5-0073-00A16,ArsenalPC,6776.0,,,Free Shipping
ArsenalPC ASUS ROG GR701 - Intel Core Ultra 7-265KF 20 core 5.4GHz - GeForce RTX 5090 - 2TB HDD + 4TB NVMe SSD - 64GB DDR5(2X32GB) - 1200W - Windows 11 Liquid Cooled Gaming PC,https://www.newegg.com/asus-gaming-desktop-pcs-nvidia-geforce-rtx-5090-intel-core-ultra-7-265kf-64gb-ddr5-4-tb-ssd-2tb-hdd-black/p/3D5-0073-00825,ArsenalPC,6798.0,,,Free Shipping
ArsenalPC ASUS ROG GR701 - Intel Core Ultra 7-265KF 20 core 5.4GHz - GeForce RTX 5090 - 2TB HDD + 4TB NVMe SSD - 128GB DDR5(4X32GB) - 1200W - Windows 11 Liquid Cooled Gaming PC,https://www.newegg.com/asus-gaming-desktop-pcs-nvidia-geforce-rtx-5090-intel-core-ultra-7-265kf-128gb-ddr5-4-tb-ssd-2tb-hdd-black/p/3D5-0073-00880,ArsenalPC,7172.0,,,Free Shipping
ArsenalPC ASUS ROG GR701 - Intel Core Ultra 9-285K 24 core 5.7GHz - GeForce RTX 5090 - 2TB HDD + 4TB NVMe SSD - 64GB DDR5(2X32GB) - 1200W - Windows 11 Liquid Cooled Gaming PC,https://www.newegg.com/asus-gaming-desktop-pcs-nvidia-geforce-rtx-5090-intel-core-ultra-9-285k-64gb-ddr5-4-tb-ssd-2tb-hdd-black/p/3D5-0073-00862,ArsenalPC,7172.0,,,Free Shipping
ArsenalPC ASUS TUF GT302 - AMD Ryzen 9-9950X 16 core 4.3GHz - GeForce RTX 5090 - 2TB HDD + 2TB NVMe SSD - 128GB DDR5(4X32GB) - 1200W - Windows 11 Liquid Cooled Gaming PC,https://www.newegg.com/asus-gaming-desktop-pcs-geforce-rtx-5090-amd-ryzen-9-9950x-128gb-ddr5-2-tb-ssd-2tb-hdd-black/p/3D5-0073-00A28,ArsenalPC,6732.0,,,Free Shipping
ArsenalPC ASUS ROG GR701 - Intel Core Ultra 9-285K 24 core 5.7GHz - GeForce RTX 5090 - 2TB HDD + 4TB NVMe SSD - 128GB DDR5(4X32GB) - 1200W - Windows 11 Liquid Cooled Gaming PC,https://www.newegg.com/asus-gaming-desktop-pcs-nvidia-geforce-rtx-5090-intel-core-ultra-9-285k-128gb-ddr5-4-tb-ssd-2tb-hdd-black/p/3D5-0073-00858,ArsenalPC,7568.0,,,Free Shipping
ArsenalPC ASUS ROG GR701 - Intel Core Ultra 7-265KF 20 core 5.4GHz - GeForce RTX 5090 - 2TB HDD + 2TB NVMe SSD - 128GB DDR5(4X32GB) - 1200W - Windows 11 Liquid Cooled Gaming PC,https://www.newegg.com/asus-gaming-desktop-pcs-nvidia-geforce-rtx-5090-intel-core-ultra-7-265kf-128gb-ddr5-2-tb-ssd-2tb-hdd-black/p/3D5-0073-00822,ArsenalPC,7018.0,,,Free Shipping
ArsenalPC ASUS ROG GR701 - Intel Core Ultra 9-285K 24 core 5.7GHz - GeForce RTX 5090 - 2TB HDD + 2TB NVMe SSD - 128GB DDR5(4X32GB) - 1200W - Windows 11 Liquid Cooled Gaming PC,https://www.newegg.com/asus-gaming-desktop-pcs-nvidia-geforce-rtx-5090-intel-core-ultra-9-285k-128gb-ddr5-2-tb-ssd-2tb-hdd-black/p/3D5-0073-00850,ArsenalPC,7414.0,,,Free Shipping
ArsenalPC ASUS ROG GR701 - Intel Core Ultra 9-285K 24 core 5.7GHz - GeForce RTX 5090 - 2TB HDD + 2TB NVMe SSD - 64GB DDR5(2X32GB) - 1200W - Windows 11 Liquid Cooled Gaming PC,https://www.newegg.com/asus-gaming-desktop-pcs-nvidia-geforce-rtx-5090-intel-core-ultra-9-285k-64gb-ddr5-2-tb-ssd-2tb-hdd-black/p/3D5-0073-00854,ArsenalPC,7018.0,,,Free Shipping
Adamant Custom 24-Core Media Workstation Gaming Desktop Computer PC Intel Core i9-14900K 3.2GHz Z790 Chipset 32GB DDR5 1TB NVMe Gen3 SSD 6TB HDD WIN11 1200W Geforce RTX 5090 32GB,https://www.newegg.com/adamant-custom-gaming-desktop-geforce-rtx-4090-intel-core-i9-14900k-32gb-ddr5-1tb-pcie-ssd-6tb-hdd-black/p/3D5-002T-00199,Adamant Custom,6149.99,,,Free Shipping
ADAMANT CUSTOM 16-Core Video Editing Modelling Workstation Gaming Desktop Computer PC AMD Ryzen 9 9950X3D 4.3GHz X870 PRIME 32GB DDR5 RAM 2TB NVMe GEN4 SSD 10TB HDD 1200W Geforce RTX 5090 32GB,https://www.newegg.com/p/3D5-002T-003H5,Adamant Custom,6649.99,,,Free Shipping
ADAMANT CUSTOM 16-Core Video Editing Modelling Workstation Gaming Desktop Computer PC AMD Ryzen 9 9950X3D 4.3GHz X870 EAGLE 32GB DDR5 RAM 8TB NVMe GEN4 SSD 1200W Geforce RTX 5090 32GB,https://www.newegg.com/p/3D5-002T-003M3,Adamant Custom,6899.99,,,Free Shipping
ADAMANT CUSTOM 16-Core Video Editing Modelling Workstation Gaming Desktop Computer PC AMD Ryzen 9 9950X3D 4.3GHz X870 PRIME 32GB DDR5 RAM 4TB NVMe GEN4 SSD 1200W Geforce RTX 5090 32GB,https://www.newegg.com/p/3D5-002T-003M1,Adamant Custom,6549.99,,,Free Shipping
ADAMANT CUSTOM 16-Core Video Editing Modelling Workstation Gaming Desktop Computer PC AMD Ryzen 9 9950X3D 4.3GHz X870 PRIME 32GB DDR5 RAM 4TB NVMe GEN4 SSD 10TB HDD 1200W Geforce RTX 5090 32GB,https://www.newegg.com/p/3D5-002T-003H7,Adamant Custom,6749.99,,,Free Shipping
ADAMANT CUSTOM 16-Core Video Editing Modelling Workstation Gaming Desktop Computer PC AMD Ryzen 9 9950X3D 4.3GHz X870 EAGLE 32GB DDR5 RAM 2TB NVMe GEN4 SSD 10TB HDD 1200W Geforce RTX 5090 32GB,https://www.newegg.com/p/3D5-002T-003H6,Adamant Custom,6649.99,,,Free Shipping
MSI GUNGNIR 110R - AMD Ryzen 7-9700X 8 core 3.8GHz - Geforce RTX 5090 - 2TB HDD + 1TB NVMe SSD - 128GB DDR5(4X32GB) - 1200W - Windows 11 Liquid Cooled Gaming Desktop PC WiFi RGB,https://www.newegg.com/msi-gaming-desktop-pcs-geforce-rtx-5090-amd-ryzen-7-9700x-128gb-ddr5-1-tb-ssd-2tb-hdd-black/p/3D5-000G-04GT6,MSI,6280.0,,,Free Shipping
ASUS Prime AP202 White - AMD Ryzen 9-9900X 12 core 4.4GHz - GeForce RTX 5090 - 2TB NVMe SSD - 128GB DDR5(4X32GB) - 1200W - Windows 11 Liquid Cooled Gaming Desktop PC WiFi RGB,https://www.newegg.com/arsenalpc-gaming-desktop-pcs-nvidia-geforce-rtx-5090-amd-ryzen-9-9900x-128gb-ddr5-2tb-nvme-ssd-white/p/3D5-000F-04YU8,ASUS,6540.0,,,Free Shipping
ASUS Prime AP202 White - Intel Core Ultra 7-265KF 20 core 5.4GHz - GeForce RTX 5090 - 2TB NVMe SSD - 128GB DDR5(4X32GB) - 1200W - Windows 11 Liquid CooledGaming PC WiFi RGB,https://www.newegg.com/arsenalpc-gaming-desktop-pcs-nvidia-geforce-rtx-5090-intel-core-ultra-7-265kf-128gb-ddr5-2tb-nvme-ssd-white/p/3D5-000F-04ZJ5,ASUS,6420.0,,,Free Shipping
"Thermaltake LCGS Reactor 9590 Gaming Desktop (AMD Ryzen 9 9950X3D, ToughRam 32GB DDR5 6000MT/s RGB Memory, NVIDIA GeForce RTX 5090, 2TB NVMe M.2, Wifi, Windows 11) T6BK-X87B-590-LCS",https://www.newegg.com/thermaltake-gaming-desktop-pc-geforce-rtx-5090-amd-ryzen-9-9950x3d-32gb-ddr5-2tb-ssd-lcgs-reactor-9590-black/p/N82E16883100110,Thermaltake,5399.99,,,Free Shipping
"Lenovo Legion Pro 7i 16"" WQXGA (2560x1600) OLED 240Hz Gaming Laptop, Intel Core Ultra 9 275HX (2.1GHz), 64GB DDR5 RAM, 2TB NVMe SSD, NVIDIA GeForce RTX 5090 24GB GDDR7, Windows 11 Pro - Eclipse Black",https://www.newegg.com/lenovo-legion-pro-16-0-geforce-rtx-5090-laptop-gpu-intel-core-ultra-9-275hx-oled-64gb-memory-2-tb-ssd/p/2WC-000J-03923,Lenovo,4099.99,,,
"MSI Stealth AI Gaming Laptop 18"" 4K (Intel Ultra 9- 275HX, NVIDIA GeForce RTX 5090 24GB, 64GB DDR5, 2TB SSD, Win 11 Pro)",https://www.newegg.com/msi-stealth-18-0-geforce-rtx-5090-64gb-memory-2-tb-ssd/p/2WC-000C-0JHC4,MSI,5049.99,,,
"MSI Stealth AI Gaming Laptop 18"" 4K (Intel Ultra 9- 275HX, NVIDIA GeForce RTX 5090 24GB, 64GB DDR5, 4TB PCIe SSD, Win 11 Pro)",https://www.newegg.com/msi-stealth-18-0-geforce-rtx-5090-64gb-memory-4-tb-ssd/p/2WC-000C-0JHC7,MSI,5549.99,,,
"MSI Stealth AI Gaming Laptop 18"" 4K (Intel Ultra 9- 275HX, NVIDIA GeForce RTX 5090 24GB, 64GB DDR5, 8TB PCIe SSD, Win 11 Pro)",https://www.newegg.com/msi-stealth-18-0-geforce-rtx-5090-64gb-memory-8-tb-ssd/p/2WC-000C-0JHC8,MSI,5799.99,,,
"ASUS ROG Strix SCAR 16 (2025) Gaming Laptop, 16 ROG Nebula HDR 2.5K 240Hz Display, Intel Ultra 9 275HX Processor, 32GB RAM, 2TB SSD, NVIDIA RTX 5090, Windows 11 Pro - Black",https://www.newegg.com/asus-rog-strix-scar-16-16-0-geforce-rtx-5090-laptop-gpu-intel-core-ultra-9-275hx-wqxga-32gb-memory-2-tb-ssd/p/2WC-000N-0GHJ8,ASUS,3999.99,,,
Gigabyte AORUS GeForce RTX 5090 MASTER ICE 32G GV-N5090AORUSM ICE-32GD GDDR7 video card,https://www.newegg.com/p/1FT-000A-008Z3,GIGABYTE,3951.9,,,Free Shipping
"Lenovo Legion Pro 7i 16 Gaming Laptop, 16"" WQXGA OLED Glossy 240Hz, Intel Core Ultra 9 275HX 24-Core Processor, RTX 5090 24GB GDDR7, 64GB DDR5  1TB PCIe SSD, Windows 11 Pro ,Office 2024 License",https://www.newegg.com/lenovo-raider-16-0-geforce-rtx-5090-laptop-gpu-2-10ghz-qhd-64gb-memory-1tb-pcie-ssd-ssd/p/2WC-000J-037Z2,Lenovo,4399.0,,,Free Shipping
"Lenovo Legion Pro 7i 16 Gaming Laptop, 16"" WQXGA OLED Glossy 240Hz, Intel Core Ultra 9 275HX 24-Core Processor, RTX 5090 24GB GDDR7, 32GB DDR5  512GB PCIe SSD, Windows 11 ,Office 2024 License",https://www.newegg.com/lenovo-raider-16-0-geforce-rtx-5090-laptop-gpu-2-10ghz-qhd-32gb-memory-512gb-pcie-ssd-ssd/p/2WC-000J-037Z0,Lenovo,4099.0,,,Free Shipping
"Lenovo Legion Pro 7i 16 Gaming Laptop, 16"" WQXGA OLED Glossy 240Hz, Intel Core Ultra 9 275HX 24-Core Processor, RTX 5090 24GB GDDR7, 16GB DDR5  512GB PCIe SSD, Windows 11 ,Office 2024 License",https://www.newegg.com/lenovo-raider-16-0-geforce-rtx-5090-laptop-gpu-2-10ghz-qhd-16gb-memory-512gb-pcie-ssd-ssd/p/2WC-000J-037Y3,Lenovo,3929.0,,,Free Shipping
"Lenovo Legion Pro 7i 16 Gaming Laptop, 16"" WQXGA OLED Glossy 240Hz, Intel Core Ultra 9 275HX 24-Core Processor, RTX 5090 24GB GDDR7, 32GB DDR5  512GB PCIe SSD, Windows 11 ,Office 2024 License",https://www.newegg.com/lenovo-raider-16-0-geforce-rtx-5090-laptop-gpu-2-10ghz-qhd-32gb-memory-512gb-pcie-ssd-ssd/p/2WC-000J-03818,Lenovo,4099.0,,,Free Shipping
"Lenovo Legion Pro 7i 16 Gaming Laptop, 16"" WQXGA OLED Glossy 240Hz, Intel Core Ultra 9 275HX 24-Core Processor, RTX 5090 24GB GDDR7, 32GB DDR5  2TB PCIe SSD, Windows 11 ,Office 2024 License",https://www.newegg.com/lenovo-raider-16-0-geforce-rtx-5090-laptop-gpu-2-10ghz-qhd-32gb-memory-2tb-pcie-ssd-ssd/p/2WC-000J-037Z7,Lenovo,4219.0,,,Free Shipping
"Lenovo Legion Pro 7i 16 Gaming Laptop, 16"" WQXGA OLED Glossy 240Hz, Intel Core Ultra 9 275HX 24-Core Processor, RTX 5090 24GB GDDR7, 16GB DDR5  1TB PCIe SSD, Windows 11 ,Office 2024 License",https://www.newegg.com/lenovo-raider-16-0-geforce-rtx-5090-laptop-gpu-2-10ghz-qhd-16gb-memory-1tb-pcie-ssd-ssd/p/2WC-000J-037Z4,Lenovo,4039.0,,,Free Shipping
"Lenovo Legion Pro 7i 16 Gaming Laptop, 16"" WQXGA OLED Glossy 240Hz, Intel Core Ultra 9 275HX 24-Core Processor, RTX 5090 24GB GDDR7, 32GB DDR5  2TB PCIe SSD, Windows 11 ,Office 2024 License",https://www.newegg.com/lenovo-raider-16-0-geforce-rtx-5090-laptop-gpu-2-10ghz-qhd-32gb-memory-2tb-pcie-ssd-ssd/p/2WC-000J-03819,Lenovo,4219.0,,,Free Shipping
"Lenovo Legion Pro 7i 16 Gaming Laptop, 16"" WQXGA OLED Glossy 240Hz, Intel Core Ultra 9 275HX 24-Core Processor, RTX 5090 24GB GDDR7, 16GB DDR5  512GB PCIe SSD, Windows 11 ,Office 2024 License",https://www.newegg.com/lenovo-raider-16-0-geforce-rtx-5090-laptop-gpu-2-10ghz-qhd-16gb-memory-512gb-pcie-ssd-ssd/p/2WC-000J-037Z1,Lenovo,3929.0,,,Free Shipping
"Lenovo Legion Pro 7i 16 Gaming Laptop, 16"" WQXGA OLED Glossy 240Hz, Intel Core Ultra 9 275HX 24-Core Processor, RTX 5090 24GB GDDR7, 64GB DDR5  2TB PCIe SSD, Windows 11 Pro ,Office 2024 License",https://www.newegg.com/lenovo-raider-16-0-geforce-rtx-5090-laptop-gpu-2-10ghz-qhd-64gb-memory-2tb-pcie-ssd-ssd/p/2WC-000J-03826,Lenovo,4389.0,,,Free Shipping
"Lenovo Legion Pro 7i 16 Gaming Laptop, 16"" WQXGA OLED Glossy 240Hz, Intel Core Ultra 9 275HX 24-Core Processor, RTX 5090 24GB GDDR7, 64GB DDR5  1TB PCIe SSD, Windows 11 ,Office 2024 License",https://www.newegg.com/lenovo-raider-16-0-geforce-rtx-5090-laptop-gpu-2-10ghz-qhd-64gb-memory-1tb-pcie-ssd-ssd/p/2WC-000J-037Y4,Lenovo,4309.0,,,Free Shipping
"Lenovo Legion Pro 7i 16 Gaming Laptop, 16"" WQXGA OLED Glossy 240Hz, Intel Core Ultra 9 275HX 24-Core Processor, RTX 5090 24GB GDDR7, 32GB DDR5  2TB PCIe SSD, Windows 11 Pro ,Office 2024 License",https://www.newegg.com/lenovo-raider-16-0-geforce-rtx-5090-laptop-gpu-2-10ghz-qhd-32gb-memory-2tb-pcie-ssd-ssd/p/2WC-000J-03828,Lenovo,4229.0,,,Free Shipping
"Lenovo Legion Pro 7i 16 Gaming Laptop, 16"" WQXGA OLED Glossy 240Hz, Intel Core Ultra 9 275HX 24-Core Processor, RTX 5090 24GB GDDR7, 16GB DDR5  1TB PCIe SSD, Windows 11 ,Office 2024 License",https://www.newegg.com/lenovo-raider-16-0-geforce-rtx-5090-laptop-gpu-2-10ghz-qhd-16gb-memory-1tb-pcie-ssd-ssd/p/2WC-000J-03817,Lenovo,4039.0,,,Free Shipping
"Lenovo Legion Pro 7i 16 Gaming Laptop, 16"" WQXGA OLED Glossy 240Hz, Intel Core Ultra 9 275HX 24-Core Processor, RTX 5090 24GB GDDR7, 16GB DDR5  2TB PCIe SSD, Windows 11 ,Office 2024 License",https://www.newegg.com/lenovo-raider-16-0-geforce-rtx-5090-laptop-gpu-2-10ghz-qhd-16gb-memory-2tb-pcie-ssd-ssd/p/2WC-000J-037Y5,Lenovo,4099.0,,,Free Shipping
"Lenovo Legion Pro 7i 16 Gaming Laptop, 16"" WQXGA OLED Glossy 240Hz, Intel Core Ultra 9 275HX 24-Core Processor, RTX 5090 24GB GDDR7, 64GB DDR5  2TB PCIe SSD, Windows 11 ,Office 2024 License",https://www.newegg.com/lenovo-raider-16-0-geforce-rtx-5090-laptop-gpu-2-10ghz-qhd-64gb-memory-2tb-pcie-ssd-ssd/p/2WC-000J-037Y9,Lenovo,4379.0,,,Free Shipping
"Lenovo Legion Pro 7i 16 Gaming Laptop, 16"" WQXGA OLED Glossy 240Hz, Intel Core Ultra 9 275HX 24-Core Processor, RTX 5090 24GB GDDR7, 32GB DDR5  1TB PCIe SSD, Windows 11 Pro ,Office 2024 License",https://www.newegg.com/lenovo-raider-16-0-geforce-rtx-5090-laptop-gpu-2-10ghz-qhd-32gb-memory-1tb-pcie-ssd-ssd/p/2WC-000J-037Z8,Lenovo,4169.0,,,Free Shipping
"Lenovo Legion Pro 7i 16 Gaming Laptop, 16"" WQXGA OLED Glossy 240Hz, Intel Core Ultra 9 275HX 24-Core Processor, RTX 5090 24GB GDDR7, 32GB DDR5  4TB  PCIe SSD, Windows 11 Pro ,Office 2024 License",https://www.newegg.com/lenovo-raider-16-0-geforce-rtx-5090-laptop-gpu-2-10ghz-qhd-32gb-memory-4tb-pcie-ssd-ssd/p/2WC-000J-03825,Lenovo,4439.0,,,Free Shipping
"Lenovo Legion Pro 7i 16 Gaming Laptop, 16"" WQXGA OLED Glossy 240Hz, Intel Core Ultra 9 275HX 24-Core Processor, RTX 5090 24GB GDDR7, 32GB DDR5  2TB PCIe SSD, Windows 11 Pro ,Office 2024 License",https://www.newegg.com/lenovo-raider-16-0-geforce-rtx-5090-laptop-gpu-2-10ghz-qhd-32gb-memory-2tb-pcie-ssd-ssd/p/2WC-000J-037Y6,Lenovo,4229.0,,,Free Shipping
"Lenovo Legion Pro 7i 16 Gaming Laptop, 16"" WQXGA OLED Glossy 240Hz, Intel Core Ultra 9 275HX 24-Core Processor, RTX 5090 24GB GDDR7, 64GB DDR5  2TB PCIe SSD, Windows 11 ,Office 2024 License",https://www.newegg.com/lenovo-raider-16-0-geforce-rtx-5090-laptop-gpu-2-10ghz-qhd-64gb-memory-2tb-pcie-ssd-ssd/p/2WC-000J-03820,Lenovo,4379.0,,,Free Shipping
